
SET SQL_MODE="NO_AUTO_VALUE_ON_ZERO";
SET time_zone = "+00:00";

/*!40101 SET @OLD_CHARACTER_SET_CLIENT=@@CHARACTER_SET_CLIENT */;
/*!40101 SET @OLD_CHARACTER_SET_RESULTS=@@CHARACTER_SET_RESULTS */;
/*!40101 SET @OLD_COLLATION_CONNECTION=@@COLLATION_CONNECTION */;
/*!40101 SET NAMES utf8 */;

CREATE DATABASE IF NOT EXISTS `SporTiu`;

USE SporTiu;

CREATE TABLE IF NOT EXISTS `Classification` (
  `id` int(11) NOT NULL AUTO_INCREMENT,
  `round_id` int(11) DEFAULT NULL,
  `generationdate` datetime NOT NULL,
  PRIMARY KEY (`id`),
  UNIQUE KEY `UNIQ_880FAAE9A6005CA0` (`round_id`)
) ENGINE=MyISAM  DEFAULT CHARSET=utf8 COLLATE=utf8_unicode_ci AUTO_INCREMENT=75 ;

INSERT INTO `Classification` (`id`, `round_id`, `generationdate`) VALUES
(1, 1, '2015-01-04 14:41:44'),
(2, 2, '2015-01-04 14:41:44'),
(3, 3, '2015-01-04 14:41:44'),
(4, 4, '2015-01-04 14:41:44'),
(5, 5, '2015-01-04 14:41:44'),
(6, 6, '2015-01-04 14:41:44'),
(7, 7, '2015-01-04 14:41:44'),
(8, 8, '2015-01-04 14:41:44'),
(9, 9, '2015-01-04 14:41:44'),
(10, 10, '2015-01-04 14:41:44'),
(11, 11, '2015-01-04 14:41:45'),
(12, 12, '2015-01-04 14:41:45'),
(13, 13, '2015-01-04 14:41:45'),
(14, 14, '2015-01-04 14:41:45'),
(15, 15, '2015-01-04 14:41:45'),
(16, 16, '2015-01-04 14:41:45'),
(17, 17, '2015-01-04 14:41:45'),
(18, 18, '2015-01-04 14:41:45'),
(19, 19, '2015-01-04 14:41:45'),
(20, 20, '2015-01-04 14:41:45'),
(21, 21, '2015-01-04 14:41:45'),
(22, 22, '2015-01-04 14:41:45'),
(23, 45, '2015-01-04 14:42:07'),
(24, 46, '2015-01-04 14:42:07'),
(25, 47, '2015-01-04 14:42:07'),
(26, 48, '2015-01-04 14:42:07'),
(27, 49, '2015-01-04 14:42:07'),
(28, 50, '2015-01-04 14:42:07'),
(29, 51, '2015-01-04 14:42:07'),
(30, 52, '2015-01-04 14:42:07'),
(31, 53, '2015-01-04 14:42:07'),
(32, 54, '2015-01-04 14:42:07'),
(41, 55, '2015-01-04 15:15:28'),
(42, 23, '2015-01-04 15:16:23'),
(43, 24, '2015-01-04 15:16:23'),
(44, 25, '2015-01-04 15:16:23'),
(45, 26, '2015-01-04 15:16:23'),
(46, 27, '2015-01-04 15:16:23'),
(47, 28, '2015-01-04 15:16:24'),
(48, 29, '2015-01-04 15:16:24'),
(49, 30, '2015-01-04 15:16:24'),
(50, 31, '2015-01-04 15:16:24'),
(51, 32, '2015-01-04 15:16:24'),
(53, 33, '2015-01-04 15:22:43'),
(54, 67, '2015-01-04 15:23:23'),
(55, 68, '2015-01-04 15:23:23'),
(56, 69, '2015-01-04 15:23:23'),
(57, 70, '2015-01-04 15:23:23'),
(58, 71, '2015-01-04 15:23:23'),
(59, 72, '2015-01-04 15:23:23'),
(60, 73, '2015-01-04 15:23:23'),
(61, 74, '2015-01-04 15:23:23'),
(62, 75, '2015-01-04 15:23:23'),
(63, 76, '2015-01-04 15:23:23'),
(73, 78, '2015-01-04 19:52:01'),
(67, 34, '2015-01-04 15:38:52'),
(69, 56, '2015-01-04 15:46:21'),
(72, 77, '2015-01-04 19:52:01'),
(74, 57, '2015-01-04 20:49:34');

CREATE TABLE IF NOT EXISTS `Club` (
  `id` int(11) NOT NULL AUTO_INCREMENT,
  `Name` varchar(255) COLLATE utf8_unicode_ci NOT NULL,
  `Abbreviation` varchar(16) COLLATE utf8_unicode_ci NOT NULL,
  `Creation_Year` varchar(4) COLLATE utf8_unicode_ci DEFAULT NULL,
  `Logo` varchar(255) COLLATE utf8_unicode_ci DEFAULT NULL,
  `Colors` varchar(255) COLLATE utf8_unicode_ci DEFAULT NULL,
  `Alternative_Colors` varchar(255) COLLATE utf8_unicode_ci DEFAULT NULL,
  `Email` varchar(255) COLLATE utf8_unicode_ci DEFAULT NULL,
  `Website` varchar(255) COLLATE utf8_unicode_ci DEFAULT NULL,
  PRIMARY KEY (`id`)
) ENGINE=MyISAM  DEFAULT CHARSET=utf8 COLLATE=utf8_unicode_ci AUTO_INCREMENT=37 ;

INSERT INTO `Club` (`id`, `Name`, `Abbreviation`, `Creation_Year`, `Logo`, `Colors`, `Alternative_Colors`, `Email`, `Website`) VALUES
(1, 'U.E. Castellnou', 'CASTELLNOU', '2010', 'bundles/ecucurellasportiu/images/castellnou.png', 'Samarreta verda, pantalons i mitges negres', 'Samarreta groga, pantalons i mitges blaves', 'veteranscastellnou@gmail.com', 'http://veteranscastellnou.wordpress.com'),
(2, 'C.V.F. Monistrol', 'MONISTROL', '1996', 'bundles/ecucurellasportiu/images/monistrol.png', 'Samarreta, pantalons i mitges vermelles', '', 'Byoff@msn.com', 'http://cvfmonistrol.hol.es/index.php'),
(3, 'C.F. Callús', 'CALLÚS', '1921', 'bundles/ecucurellasportiu/images/callus.jpeg', 'Samarreta barres vermelles i grogues, pantalons vermells', '', 'clubfutbolcallus@gmail.com', 'http://www.cfcallus.com'),
(4, 'C.E. Navàs', 'NAVÀS', '', 'bundles/ecucurellasportiu/images/navas.png', 'Samarreta groga, pantalons i mitges negres', 'Samarreta negre', 'orijana21@hotmail.com', 'http://www.cenavas.es'),
(5, 'ADP. Marroc', 'MARROC', '', 'bundles/ecucurellasportiu/images/generic.jpg', 'Samarreta, pantalons i mitges vermelles', 'Samarreta, pantalons i mitges verdes', 'veterans.marroc@yahoo.es', ''),
(6, 'C.E. Castellbell i Vilar', 'CASTELLBELL', '', 'bundles/ecucurellasportiu/images/castellbell.png', 'Samarreta, pantalons i mitges negres', '', 'sebibach@hotmail.es', ''),
(7, 'C.F. Santpedor', 'SANTPEDOR', '1915', 'bundles/ecucurellasportiu/images/santpedor.jpeg', 'Samarreta blaugrana, pantalons blau marí i mitges blaugrana', '', 'veteranscfsantpedor@gmail.com', 'http://www.cfsantpedor.es'),
(8, 'C.F. Vilomara', 'VILOMARA', '', 'bundles/ecucurellasportiu/images/vilomara.jpg', 'Samarreta verd i blanca, pantalons blancs i mitges verdes', '', 'luisgonzalez15@gmail.com', ''),
(9, 'F.C. Artés', 'ARTÉS', '', 'bundles/ecucurellasportiu/images/artes.jpeg', 'Samarreta vermella, pantalons negres i mitges vermelles', '', '', 'http://www.fcartes.com'),
(10, 'A.V. Ceip Joan de Palà', 'JOAN DE PALÀ', '', 'bundles/ecucurellasportiu/images/pala.jpeg', '', '', 'avceipjoandepala@gmail.com', ''),
(11, 'C.F. Navarcles', 'NAVARCLES', '', 'bundles/ecucurellasportiu/images/navarcles.png', 'Samarreta, pantalons i mitges blaves', '', '', ''),
(12, 'F.C. Joanenc', 'SANT JOAN', '', 'bundles/ecucurellasportiu/images/joanenc.jpeg', 'Samarreta groga, pantalons blaus i mitges grogues', '', 'jlsr15468@gmail.com', ''),
(13, 'Club Amèrica', 'AMERICA', '', 'bundles/ecucurellasportiu/images/america.png', '', '', '', ''),
(14, 'AT. Castellbell', 'CASTELLBELL AT.', '', 'bundles/ecucurellasportiu/images/castellbell.jpeg', '', '', 'davidnadaldedios@hotmail.com', ''),
(15, 'Guardiolenca C.F.', 'GUARDIOLA', '', 'bundles/ecucurellasportiu/images/guardiolenca.jpeg', 'Samarreta vermella, groga i blava, pantalons i mitges blaves', '', 'vetguardiola@hotmail.com', ''),
(16, 'U.D. Balsareny', 'BALSARENY UD.', '', 'bundles/ecucurellasportiu/images/balsareny.jpeg', 'Samarreta blanca i vermella, pantalons vermells i mitges blanques', '', 'VUDBALSARENY@hotmail.es', ''),
(17, 'C.F. Solsona', 'SOLSONA', '1928', 'bundles/ecucurellasportiu/images/solsona.jpeg', 'Samarreta blava amb franja blanca, pantalons negres i mitges blaves', 'Samarreta vermella amb franja blava, pantalons negres i mitges vermelles', '', 'http://www.cfsolsona.cat'),
(18, 'C.E. Avinyó', 'AVINYÓ', '', 'bundles/ecucurellasportiu/images/avinyo.jpeg', 'Samarreta verda i blanca, pantalons blancs i mitges verdiblanques', '', '', 'veteransavinyo@gmail.com'),
(19, 'C.F. AT. Gironella', 'GIRONELLA', '1911', 'bundles/ecucurellasportiu/images/gironella.jpeg', 'Samarreta groga i blanca, pantalons negres i mitges blanques', 'Samarreta, pantalons i mitges negres', 'atg@atgironella.com', 'http://atgironella.com/'),
(20, 'F.C. Pirinaica', 'PIRINAICA', '', 'bundles/ecucurellasportiu/images/pirinaica.gif', 'Samarreta, pantalons i mitges vermelles', '', 'avfcpirinaica@hotmail.com', ''),
(21, 'C.F. Castellgalí', 'CASTELLGALÍ', '', 'bundles/ecucurellasportiu/images/castellgali.jpeg', 'Samarreta blaugrana, pantalons i mitges blaves', '', '', ''),
(22, 'Balsareny', 'BALSARENY', '', 'bundles/ecucurellasportiu/images/generic.jpg', 'Samarreta vermella, pantalons blancs', '', '', ''),
(23, 'C.F. Castellet', 'CASTELLET', '', 'bundles/ecucurellasportiu/images/castellet.png', 'Samarreta blaugrana, pantalons i mitges blaves', '', '', ''),
(24, 'C.D. La Coromina', 'LA COROMINA', '', 'bundles/ecucurellasportiu/images/lacoromina.png', 'Samarreta blanca i vermella, pantalons negres', '', '', ''),
(25, 'C.E. Berga', 'BERGA', '1913', 'bundles/ecucurellasportiu/images/berga.jpeg', 'Samarreta blanca i vermella, pantalons vermells', '', '', 'http://www.ceberga.cat'),
(26, 'Minorisa La Font', 'LA FONT', '2011', 'bundles/ecucurellasportiu/images/lafont.jpg', 'Samarreta, pantalons i mitges negres', '', '', 'http://www.ceminorisa.com'),
(27, 'C.E. Sallent', 'SALLENT', '1913', 'bundles/ecucurellasportiu/images/sallent.jpeg', 'Samarreta blaugrana, pantalons blaus i mitges blaugranes', '', '', 'http://cesallent.org'),
(28, 'La Salle Manresa', 'LA SALLE', '', 'bundles/ecucurellasportiu/images/lasalle.jpeg', 'Samarreta blanca i vermella, pantalons vermells i mitges blanques i vermelles', '', '', ''),
(29, 'C.F. Olesa', 'OLESA', '', 'bundles/ecucurellasportiu/images/olesa.jpg', 'Samarreta, pantalons i mitges negres', '', '', ''),
(30, 'F.C. Pradenc', 'PRADENC', '', 'bundles/ecucurellasportiu/images/pradenc.jpeg', 'Samarreta blaugrana, pantalons i mitges blaves', '', '', ''),
(31, 'C.F. Pare Ignasi Puig', 'EL XUP', '1966', 'bundles/ecucurellasportiu/images/xup.jpg', 'Samarreta blanca i blava, pantalons i mitges blaves', '', '', ''),
(32, 'Verdiblanca', 'VERDIBLANCA', '', 'bundles/ecucurellasportiu/images/generic.jpg', 'Samarreta verda i blanca, pantalons verds i mitges blanques', '', '', ''),
(33, 'Cal Rosal', 'CAL ROSAL', '', 'bundles/ecucurellasportiu/images/calrosal.jpeg', 'Samarreta groga, pantalons negres', '', '', ''),
(34, 'C.E. Súria', 'SÚRIA', '1911', 'bundles/ecucurellasportiu/images/suria.png', 'Samarreta negre i blanca, pantalons i mitges negres', 'Samarreta vermella, pantalons blancs i mitges vermelles', '', 'http://www.cdesuria.com'),
(35, 'F.C. Fruitosenc', 'FRUITOSENC', '', 'bundles/ecucurellasportiu/images/fruitosenc.jpeg', 'Samarreta negre i vermella, pantalons negres', '', '', 'http://www.fruitosenc.cat'),
(36, 'C.E. Puigreig', 'PUIGREIG', '1916', 'bundles/ecucurellasportiu/images/puigreig.jpeg', 'Samarreta verda amb franja vermella, pantalons vermells i mitges verdes', 'Samarreta, pantalons i mitges negres', '', 'http://www.cepuig-reig.cat');

CREATE TABLE IF NOT EXISTS `clubs_leagues` (
  `league_id` int(11) NOT NULL,
  `club_id` int(11) NOT NULL,
  PRIMARY KEY (`league_id`,`club_id`),
  KEY `IDX_1B6AD9FD58AFC4DE` (`league_id`),
  KEY `IDX_1B6AD9FD61190A32` (`club_id`)
) ENGINE=MyISAM DEFAULT CHARSET=utf8 COLLATE=utf8_unicode_ci;

INSERT INTO `clubs_leagues` (`league_id`, `club_id`) VALUES
(1, 1),
(1, 2),
(1, 3),
(1, 4),
(1, 5),
(1, 6),
(1, 7),
(1, 8),
(1, 9),
(1, 10),
(1, 11),
(1, 12),
(2, 5),
(2, 6),
(2, 7),
(2, 12),
(2, 21),
(2, 22),
(2, 23),
(2, 24),
(2, 25),
(2, 26),
(2, 27),
(2, 28),
(3, 1),
(3, 2),
(3, 4),
(3, 11),
(3, 13),
(3, 14),
(3, 15),
(3, 16),
(3, 17),
(3, 18),
(3, 19),
(3, 20),
(4, 3),
(4, 8),
(4, 9),
(4, 10),
(4, 29),
(4, 30),
(4, 31),
(4, 32),
(4, 33),
(4, 34),
(4, 35),
(4, 36),
(5, 1),
(5, 2),
(5, 4),
(5, 11),
(5, 13),
(5, 14),
(5, 15),
(5, 16),
(5, 17),
(5, 18),
(5, 19),
(5, 20);

CREATE TABLE IF NOT EXISTS `Game` (
  `id` int(11) NOT NULL AUTO_INCREMENT,
  `localclub_id` int(11) DEFAULT NULL,
  `visitorclub_id` int(11) DEFAULT NULL,
  `round_id` int(11) DEFAULT NULL,
  `localpoints` int(11) DEFAULT NULL,
  `visitorpoints` int(11) DEFAULT NULL,
  `gamedate` datetime NOT NULL,
  `gamestate` varchar(20) COLLATE utf8_unicode_ci NOT NULL,
  `standingcount` tinyint(1) NOT NULL,
  PRIMARY KEY (`id`),
  KEY `IDX_83199EB29F58CF34` (`localclub_id`),
  KEY `IDX_83199EB25C45820D` (`visitorclub_id`),
  KEY `IDX_83199EB2A6005CA0` (`round_id`)
) ENGINE=MyISAM  DEFAULT CHARSET=utf8 COLLATE=utf8_unicode_ci AUTO_INCREMENT=451 ;

INSERT INTO `Game` (`id`, `localclub_id`, `visitorclub_id`, `round_id`, `localpoints`, `visitorpoints`, `gamedate`, `gamestate`, `standingcount`) VALUES
(1, 4, 10, 1, 5, 1, '2013-09-14 18:00:00', 'PLAYED', 1),
(2, 2, 7, 1, 4, 2, '2013-09-15 11:00:00', 'PLAYED', 1),
(3, 11, 5, 1, 2, 1, '2013-09-14 16:30:00', 'PLAYED', 1),
(4, 12, 6, 1, 1, 2, '2013-09-14 18:15:00', 'PLAYED', 1),
(5, 3, 9, 1, 0, 3, '2013-09-15 11:00:00', 'PLAYED', 1),
(6, 1, 8, 1, 0, 2, '2013-09-14 18:00:00', 'PLAYED', 1),
(7, 8, 4, 2, 3, 1, '2013-09-21 18:00:00', 'PLAYED', 1),
(8, 9, 1, 2, 2, 0, '2013-09-22 11:00:00', 'PLAYED', 1),
(9, 6, 3, 2, 3, 1, '2013-09-21 18:30:00', 'PLAYED', 1),
(10, 5, 12, 2, 0, 0, '2013-09-21 16:30:00', 'PLAYED', 1),
(11, 7, 11, 2, 1, 0, '2013-09-21 18:30:00', 'PLAYED', 1),
(12, 10, 2, 2, 1, 0, '2013-09-21 17:00:00', 'PLAYED', 1),
(13, 4, 2, 3, 2, 2, '2013-09-28 16:00:00', 'PLAYED', 1),
(14, 11, 10, 3, 8, 0, '2013-09-28 18:30:00', 'PLAYED', 1),
(15, 12, 7, 3, 3, 4, '2013-09-28 20:00:00', 'PLAYED', 1),
(16, 3, 5, 3, 1, 0, '2013-09-29 11:00:00', 'PLAYED', 1),
(17, 1, 6, 3, 1, 4, '2013-09-28 18:30:00', 'PLAYED', 1),
(18, 8, 9, 3, 3, 1, '2013-09-28 16:15:00', 'PLAYED', 1),
(19, 9, 4, 4, 0, 5, '2013-10-06 11:00:00', 'PLAYED', 1),
(20, 6, 8, 4, 3, 4, '2013-10-05 16:00:00', 'PLAYED', 1),
(21, 5, 1, 4, 0, 3, '2013-10-05 16:00:00', 'PLAYED', 1),
(22, 7, 3, 4, 6, 3, '2013-10-05 20:00:00', 'PLAYED', 1),
(23, 10, 12, 4, 2, 1, '2013-10-06 11:00:00', 'PLAYED', 1),
(24, 2, 11, 4, 2, 1, '2013-10-06 11:00:00', 'PLAYED', 1),
(25, 4, 11, 5, 1, 1, '2013-10-12 15:30:00', 'PLAYED', 1),
(26, 12, 2, 5, 1, 4, '2013-10-12 18:00:00', 'PLAYED', 1),
(27, 3, 10, 5, 0, 0, '2013-10-13 12:15:00', 'PLAYED', 1),
(28, 1, 7, 5, 2, 2, '2013-10-12 18:30:00', 'PLAYED', 1),
(29, 8, 5, 5, 1, 0, '2013-10-12 18:30:00', 'PLAYED', 1),
(30, 9, 6, 5, 2, 4, '2013-10-13 11:00:00', 'PLAYED', 1),
(31, 6, 4, 6, 3, 0, '2013-10-19 18:30:00', 'PLAYED', 1),
(32, 5, 9, 6, 2, 4, '2013-10-19 16:00:00', 'PLAYED', 1),
(33, 8, 7, 6, 4, 0, '2013-10-19 17:00:00', 'PLAYED', 1),
(34, 10, 1, 6, 1, 0, '2013-10-19 17:00:00', 'PLAYED', 1),
(35, 2, 3, 6, 2, 1, '2013-10-20 11:00:00', 'PLAYED', 1),
(36, 11, 12, 6, 2, 2, '2013-10-19 18:30:00', 'PLAYED', 1),
(37, 4, 12, 7, 7, 0, '2013-10-26 16:00:00', 'PLAYED', 1),
(38, 3, 11, 7, 0, 1, '2013-10-27 12:15:00', 'PLAYED', 1),
(39, 1, 2, 7, 1, 1, '2013-10-27 09:30:00', 'PLAYED', 1),
(40, 8, 10, 7, 4, 1, '2013-10-27 10:00:00', 'PLAYED', 1),
(41, 9, 7, 7, 3, 3, '2013-10-27 11:00:00', 'PLAYED', 1),
(42, 6, 5, 7, 6, 1, '2013-10-27 12:00:00', 'PLAYED', 1),
(43, 5, 4, 8, 1, 2, '2013-11-09 16:00:00', 'PLAYED', 1),
(44, 7, 6, 8, 0, 8, '2013-11-09 20:15:00', 'PLAYED', 1),
(45, 10, 9, 8, 0, 9, '2013-11-09 15:30:00', 'PLAYED', 1),
(46, 2, 8, 8, 2, 3, '2013-11-10 11:00:00', 'PLAYED', 1),
(47, 11, 1, 8, 3, 2, '2013-11-10 12:00:00', 'PLAYED', 1),
(48, 12, 3, 8, 0, 2, '2013-11-09 18:00:00', 'PLAYED', 1),
(49, 4, 3, 9, 6, 0, '2013-11-16 16:00:00', 'PLAYED', 1),
(50, 1, 12, 9, 7, 0, '2014-01-04 16:30:00', 'PLAYED', 1),
(51, 8, 11, 9, 5, 2, '2013-11-16 16:30:00', 'PLAYED', 1),
(52, 9, 2, 9, 0, 0, '2013-11-17 11:00:00', 'PLAYED', 1),
(53, 6, 10, 9, 3, 0, '2013-11-16 16:00:00', 'PLAYED', 1),
(54, 5, 7, 9, 1, 4, '2013-11-16 16:00:00', 'PLAYED', 1),
(55, 4, 7, 10, 5, 0, '2013-11-23 16:00:00', 'PLAYED', 1),
(56, 10, 5, 10, 2, 7, '2013-11-24 11:00:00', 'PLAYED', 1),
(57, 2, 6, 10, 0, 7, '2013-11-24 11:00:00', 'PLAYED', 1),
(58, 11, 9, 10, 6, 3, '2013-11-24 11:30:00', 'PLAYED', 1),
(59, 12, 8, 10, 0, 7, '2013-11-23 18:15:00', 'PLAYED', 1),
(60, 3, 1, 10, 1, 0, '2013-11-24 12:15:00', 'PLAYED', 1),
(61, 1, 4, 11, 0, 3, '2013-11-30 16:30:00', 'PLAYED', 1),
(62, 8, 3, 11, 6, 0, '2013-11-30 16:30:00', 'PLAYED', 1),
(63, 9, 12, 11, 5, 1, '2013-12-01 11:00:00', 'PLAYED', 1),
(64, 6, 11, 11, 4, 3, '2013-01-04 16:00:00', 'PLAYED', 1),
(65, 5, 2, 11, 5, 2, '2013-11-30 16:00:00', 'PLAYED', 1),
(66, 7, 10, 11, 3, 0, '2013-11-30 18:30:00', 'PLAYED', 1),
(67, 10, 4, 12, 1, 3, '2013-12-14 15:30:00', 'PLAYED', 1),
(68, 7, 2, 12, 2, 1, '2013-12-14 18:30:00', 'PLAYED', 1),
(69, 5, 11, 12, 1, 3, '2013-12-14 16:00:00', 'PLAYED', 1),
(70, 6, 12, 12, 4, 0, '2013-12-15 11:00:00', 'PLAYED', 1),
(71, 9, 3, 12, 1, 1, '2013-12-15 11:00:00', 'PLAYED', 1),
(72, 8, 1, 12, 2, 2, '2013-12-14 18:15:00', 'PLAYED', 1),
(73, 4, 8, 13, 1, 3, '2013-12-21 19:00:00', 'PLAYED', 1),
(74, 1, 9, 13, 3, 2, '2013-12-21 16:30:00', 'PLAYED', 1),
(75, 3, 6, 13, 0, 2, '2013-12-22 12:15:00', 'PLAYED', 1),
(76, 12, 5, 13, 1, 4, '2013-12-21 18:15:00', 'PLAYED', 1),
(77, 11, 7, 13, 5, 2, '2013-12-22 11:30:00', 'PLAYED', 1),
(78, 2, 10, 13, 2, 2, '2013-12-22 11:00:00', 'PLAYED', 1),
(79, 2, 4, 14, 1, 4, '2013-12-29 11:00:00', 'PLAYED', 1),
(80, 10, 11, 14, 2, 2, '2013-12-29 11:00:00', 'PLAYED', 1),
(81, 7, 12, 14, 4, 1, '2013-12-28 16:30:00', 'PLAYED', 1),
(82, 5, 3, 14, 1, 2, '2013-12-28 16:00:00', 'PLAYED', 1),
(83, 6, 1, 14, 4, 0, '2013-12-28 16:00:00', 'PLAYED', 1),
(84, 9, 8, 14, 0, 5, '2013-12-29 11:00:00', 'PLAYED', 1),
(85, 4, 9, 15, 1, 2, '2014-01-11 18:00:00', 'PLAYED', 1),
(86, 8, 6, 15, 1, 5, '2014-01-11 18:30:00', 'PLAYED', 1),
(87, 1, 5, 15, 0, 2, '2014-01-11 16:30:00', 'PLAYED', 1),
(88, 3, 7, 15, 0, 0, '2014-01-12 12:15:00', 'PLAYED', 1),
(89, 12, 10, 15, 1, 1, '2014-01-11 18:15:00', 'PLAYED', 1),
(90, 11, 2, 15, 5, 1, '2014-01-12 10:30:00', 'PLAYED', 1),
(91, 11, 4, 16, 2, 3, '2014-01-19 11:30:00', 'PLAYED', 1),
(92, 2, 12, 16, 2, 0, '2014-01-19 11:00:00', 'PLAYED', 1),
(93, 10, 3, 16, 4, 1, '2014-03-09 11:00:00', 'PLAYED', 1),
(94, 7, 1, 16, 4, 0, '2014-01-18 18:30:00', 'PLAYED', 1),
(95, 5, 8, 16, 0, 3, '2014-01-18 16:00:00', 'PLAYED', 1),
(96, 6, 9, 16, 4, 1, '2014-01-18 18:30:00', 'PLAYED', 1),
(97, 4, 6, 17, 2, 3, '2014-01-25 20:00:00', 'PLAYED', 1),
(98, 9, 5, 17, 4, 2, '2014-01-26 11:00:00', 'PLAYED', 1),
(99, 8, 7, 17, 4, 1, '2014-01-25 20:30:00', 'PLAYED', 1),
(100, 1, 10, 17, 7, 1, '2014-01-25 18:30:00', 'PLAYED', 1),
(101, 12, 11, 17, 3, 3, '2014-01-26 12:15:00', 'PLAYED', 1),
(102, 3, 2, 17, 2, 1, '2014-01-25 18:15:00', 'PLAYED', 1),
(103, 12, 4, 18, 0, 3, '2014-02-01 18:15:00', 'PLAYED', 1),
(104, 11, 3, 18, 5, 1, '2014-02-02 11:00:00', 'PLAYED', 1),
(105, 2, 1, 18, 1, 2, '2014-02-02 11:00:00', 'PLAYED', 1),
(106, 10, 8, 18, 2, 6, '2014-02-01 15:30:00', 'PLAYED', 1),
(107, 7, 9, 18, 4, 3, '2014-02-01 20:30:00', 'PLAYED', 1),
(108, 5, 6, 18, 1, 2, '2014-02-02 11:00:00', 'PLAYED', 1),
(109, 4, 5, 19, 6, 2, '2014-02-08 16:00:00', 'PLAYED', 1),
(110, 6, 7, 19, 4, 1, '2014-02-08 16:00:00', 'PLAYED', 1),
(111, 8, 2, 19, 1, 2, '2014-02-09 11:00:00', 'PLAYED', 1),
(112, 9, 10, 19, 6, 0, '2014-02-08 18:30:00', 'PLAYED', 1),
(113, 1, 11, 19, 0, 3, '2014-02-08 18:30:00', 'PLAYED', 1),
(114, 3, 12, 19, 2, 1, '2014-02-09 12:15:00', 'PLAYED', 1),
(115, 3, 4, 20, 0, 1, '2014-02-16 12:15:00', 'PLAYED', 1),
(116, 12, 1, 20, 1, 1, '2014-02-15 18:15:00', 'PLAYED', 1),
(117, 11, 8, 20, 6, 5, '2014-02-16 12:15:00', 'PLAYED', 1),
(118, 10, 6, 20, 5, 2, '2014-03-02 11:00:00', 'PLAYED', 1),
(119, 2, 9, 20, 0, 0, '2014-02-16 11:00:00', 'PLAYED', 1),
(120, 7, 5, 20, 2, 1, '2014-02-15 20:00:00', 'PLAYED', 1),
(121, 1, 3, 21, 1, 1, '2014-02-22 16:30:00', 'PLAYED', 1),
(122, 7, 4, 21, 0, 5, '2014-02-22 20:00:00', 'PLAYED', 1),
(123, 5, 10, 21, 4, 0, '2014-02-22 16:00:00', 'PLAYED', 1),
(124, 6, 2, 21, 4, 0, '2014-02-22 16:00:00', 'PLAYED', 1),
(125, 9, 11, 21, 3, 2, '2014-02-23 11:00:00', 'PLAYED', 1),
(126, 8, 12, 21, 4, 1, '2014-02-22 18:30:00', 'PLAYED', 1),
(127, 4, 1, 22, 5, 1, '2014-03-15 18:00:00', 'PLAYED', 1),
(128, 3, 8, 22, 0, 1, '2014-03-16 12:15:00', 'PLAYED', 1),
(129, 12, 9, 22, 0, 4, '2014-03-15 18:15:00', 'PLAYED', 1),
(130, 11, 6, 22, 3, 6, '2014-03-16 10:30:00', 'PLAYED', 1),
(131, 2, 5, 22, 3, 3, '2014-03-16 11:00:00', 'PLAYED', 1),
(132, 10, 7, 22, 1, 6, '2014-03-15 16:00:00', 'PLAYED', 1),
(133, 21, 22, 23, 0, 4, '2014-09-20 19:00:00', 'PLAYED', 1),
(134, 7, 23, 23, 3, 4, '2014-09-20 19:00:00', 'PLAYED', 1),
(135, 24, 25, 23, 5, 2, '2014-09-21 11:00:00', 'PLAYED', 1),
(136, 26, 5, 23, 4, 0, '2014-09-21 11:00:00', 'PLAYED', 1),
(137, 6, 27, 23, 0, 3, '2014-09-20 00:00:00', 'PLAYED', 1),
(138, 12, 28, 23, 4, 2, '2014-09-20 20:00:00', 'PLAYED', 1),
(139, 13, 14, 45, 3, 3, '2014-09-21 11:00:00', 'PLAYED', 1),
(140, 15, 16, 45, 2, 3, '2014-09-21 11:00:00', 'PLAYED', 1),
(141, 4, 17, 45, 1, 2, '2014-09-20 18:00:00', 'PLAYED', 1),
(142, 18, 1, 45, 3, 2, '2014-09-20 16:30:00', 'PLAYED', 1),
(143, 2, 19, 45, 1, 2, '2014-09-21 11:00:00', 'PLAYED', 1),
(144, 11, 20, 45, 3, 2, '2014-09-21 11:00:00', 'PLAYED', 1),
(145, 29, 30, 67, 6, 0, '2014-09-21 10:00:00', 'PLAYED', 1),
(146, 10, 31, 67, 0, 3, '2014-09-20 16:00:00', 'PLAYED', 1),
(147, 32, 33, 67, 1, 2, '2014-09-20 16:00:00', 'PLAYED', 1),
(148, 34, 9, 67, 8, 1, '2014-09-21 11:00:00', 'PLAYED', 1),
(149, 8, 35, 67, 2, 1, '2014-09-20 18:15:00', 'PLAYED', 1),
(150, 36, 3, 67, 5, 0, '2014-09-21 10:00:00', 'PLAYED', 1),
(151, 28, 21, 24, 1, 1, '2014-09-27 16:00:00', 'PLAYED', 1),
(152, 27, 12, 24, 3, 0, '2014-09-27 18:00:00', 'PLAYED', 1),
(153, 5, 6, 24, 1, 3, '2014-09-28 11:00:00', 'PLAYED', 1),
(154, 25, 26, 24, 0, 2, '2014-09-28 10:00:00', 'PLAYED', 1),
(155, 23, 24, 24, 5, 0, '2014-09-27 19:00:00', 'PLAYED', 1),
(156, 22, 7, 24, 1, 2, '2014-09-28 10:00:00', 'PLAYED', 1),
(157, 20, 13, 46, 6, 2, '2014-09-27 18:00:00', 'PLAYED', 1),
(158, 19, 11, 46, 1, 0, '2014-09-27 18:30:00', 'PLAYED', 1),
(159, 1, 2, 46, 1, 4, '2014-09-27 16:30:00', 'PLAYED', 1),
(160, 17, 18, 46, 5, 1, '2014-09-27 20:00:00', 'PLAYED', 1),
(161, 16, 4, 46, 0, 5, '2014-09-27 17:30:00', 'PLAYED', 1),
(162, 14, 15, 46, 3, 0, '2014-09-27 16:00:00', 'PLAYED', 1),
(163, 3, 29, 68, 0, 3, '2014-09-28 11:00:00', 'PLAYED', 1),
(164, 35, 36, 68, 2, 1, '2014-09-27 18:00:00', 'PLAYED', 1),
(165, 9, 8, 68, 1, 4, '2014-09-28 10:30:00', 'PLAYED', 1),
(166, 33, 34, 68, 1, 4, '2014-09-27 17:00:00', 'PLAYED', 1),
(167, 31, 32, 68, 3, 2, '2014-09-27 17:00:00', 'PLAYED', 1),
(168, 30, 10, 68, 1, 3, '2014-09-27 19:00:00', 'PLAYED', 1),
(169, 21, 7, 25, 5, 3, '2014-10-04 16:30:00', 'PLAYED', 1),
(170, 24, 22, 25, 1, 0, '2014-10-04 17:00:00', 'PLAYED', 1),
(171, 26, 23, 25, 6, 1, '2014-10-05 11:00:00', 'PLAYED', 1),
(172, 6, 25, 25, 4, 2, '2014-10-04 16:00:00', 'PLAYED', 1),
(173, 12, 5, 25, 1, 2, '2014-11-01 20:00:00', 'PLAYED', 1),
(174, 28, 27, 25, 2, 4, '2014-10-04 16:00:00', 'PLAYED', 1),
(175, 13, 15, 47, 1, 1, '2014-10-05 11:00:00', 'PLAYED', 1),
(176, 4, 14, 47, 4, 2, '2014-10-04 16:00:00', 'PLAYED', 1),
(177, 18, 16, 47, 2, 5, '2014-10-04 18:00:00', 'PLAYED', 1),
(178, 2, 17, 47, 2, 2, '2014-10-05 11:00:00', 'PLAYED', 1),
(179, 11, 1, 47, 4, 1, '2014-10-05 11:00:00', 'PLAYED', 1),
(180, 20, 19, 47, 1, 1, '2014-10-04 18:00:00', 'PLAYED', 1),
(181, 29, 10, 69, 4, 1, '2014-10-05 10:00:00', 'PLAYED', 1),
(182, 32, 30, 69, 1, 2, '2014-10-04 16:00:00', 'PLAYED', 1),
(183, 34, 31, 69, 3, 2, '2014-10-05 11:00:00', 'PLAYED', 1),
(184, 8, 33, 69, 2, 1, '2014-10-04 18:15:00', 'PLAYED', 1),
(185, 36, 9, 69, 2, 0, '2014-10-04 18:00:00', 'PLAYED', 1),
(186, 3, 35, 69, 0, 1, '2014-10-04 18:30:00', 'PLAYED', 1),
(187, 27, 21, 26, 3, 2, '2014-10-11 18:00:00', 'PLAYED', 1),
(188, 5, 28, 26, 0, 2, '2014-10-12 11:00:00', 'PLAYED', 1),
(189, 25, 12, 26, 5, 0, '2014-10-12 10:00:00', 'PLAYED', 1),
(190, 23, 6, 26, 2, 1, '2014-10-12 11:00:00', 'PLAYED', 1),
(191, 22, 26, 26, 2, 5, '2014-10-11 16:00:00', 'PLAYED', 1),
(192, 7, 24, 26, 3, 4, '2014-10-12 09:00:00', 'PLAYED', 1),
(193, 19, 13, 48, 3, 0, '2014-10-11 18:00:00', 'PLAYED', 1),
(194, 1, 20, 48, 0, 6, '2014-10-11 16:30:00', 'PLAYED', 1),
(195, 17, 11, 48, 2, 0, '2014-10-11 18:15:00', 'PLAYED', 1),
(196, 16, 2, 48, 2, 1, '2014-10-11 16:30:00', 'PLAYED', 1),
(197, 14, 18, 48, 6, 4, '2014-10-11 18:30:00', 'PLAYED', 1),
(198, 15, 4, 48, 3, 5, '2014-10-12 11:00:00', 'PLAYED', 1),
(199, 35, 29, 70, 5, 2, '2014-10-11 18:00:00', 'PLAYED', 1),
(200, 9, 3, 70, 3, 2, '2014-10-12 11:00:00', 'PLAYED', 1),
(201, 33, 36, 70, 1, 1, '2014-10-12 11:30:00', 'PLAYED', 1),
(202, 31, 8, 70, 1, 2, '2014-10-11 17:00:00', 'PLAYED', 1),
(203, 30, 34, 70, 1, 4, '2014-10-11 18:00:00', 'PLAYED', 1),
(204, 10, 32, 70, 3, 1, '2014-10-11 18:00:00', 'PLAYED', 1),
(205, 6, 22, 27, 6, 2, '2014-10-18 16:00:00', 'PLAYED', 1),
(206, 26, 7, 27, 5, 2, '2014-10-19 11:00:00', 'PLAYED', 1),
(207, 21, 24, 27, 8, 3, '2014-10-18 15:30:00', 'PLAYED', 1),
(208, 12, 23, 27, 0, 0, '2014-10-18 20:00:00', 'PLAYED', 1),
(209, 28, 25, 27, 2, 3, '2014-10-18 16:00:00', 'PLAYED', 1),
(210, 27, 5, 27, 2, 1, '2014-10-18 18:00:00', 'PLAYED', 1),
(211, 2, 14, 49, 6, 3, '2014-10-19 11:00:00', 'PLAYED', 1),
(212, 18, 15, 49, 0, 3, '2014-10-18 18:00:00', 'PLAYED', 1),
(213, 13, 4, 49, 0, 1, '2014-10-19 11:00:00', 'PLAYED', 1),
(214, 11, 16, 49, 1, 2, '2014-10-19 12:00:00', 'PLAYED', 1),
(215, 20, 17, 49, 2, 1, '2014-10-18 18:00:00', 'PLAYED', 1),
(216, 19, 1, 49, 3, 0, '2014-11-01 18:30:00', 'PLAYED', 1),
(217, 29, 32, 71, 8, 2, '2014-10-19 12:00:00', 'PLAYED', 1),
(218, 34, 10, 71, 4, 0, '2014-10-19 12:00:00', 'PLAYED', 1),
(219, 8, 30, 71, 5, 1, '2014-10-18 17:00:00', 'PLAYED', 1),
(220, 36, 31, 71, 0, 3, '2014-10-19 11:00:00', 'PLAYED', 1),
(221, 3, 33, 71, 0, 2, '2014-10-18 18:15:00', 'PLAYED', 1),
(222, 35, 9, 71, 3, 1, '2014-10-18 20:00:00', 'PLAYED', 1),
(223, 5, 21, 28, 0, 0, '2014-10-26 11:00:00', 'PLAYED', 1),
(224, 25, 27, 28, 3, 3, '2014-10-26 12:00:00', 'PLAYED', 1),
(225, 23, 28, 28, 5, 2, '2014-10-26 11:30:00', 'PLAYED', 1),
(226, 22, 12, 28, 2, 3, '2014-10-26 10:00:00', 'PLAYED', 1),
(227, 7, 6, 28, 0, 8, '2014-10-25 20:00:00', 'PLAYED', 1),
(228, 24, 26, 28, 2, 1, '2014-10-26 10:00:00', 'PLAYED', 1),
(229, 1, 13, 50, 2, 3, '2014-10-25 16:00:00', 'PLAYED', 1),
(230, 17, 19, 50, 0, 0, '2014-10-25 00:00:00', 'SUSPENDED', 0),
(231, 16, 20, 50, 0, 0, '2014-10-25 15:30:00', 'PLAYED', 1),
(232, 14, 11, 50, 1, 4, '2014-10-25 16:30:00', 'PLAYED', 1),
(233, 15, 2, 50, 1, 1, '2014-10-26 11:00:00', 'PLAYED', 1),
(234, 4, 18, 50, 9, 0, '2014-10-25 15:30:00', 'PLAYED', 1),
(235, 9, 29, 72, 2, 7, '2014-10-26 11:00:00', 'PLAYED', 1),
(236, 33, 35, 72, 1, 5, '2014-10-26 11:00:00', 'PLAYED', 1),
(237, 31, 3, 72, 4, 0, '2014-10-25 15:45:00', 'PLAYED', 1),
(238, 30, 36, 72, 1, 2, '2014-10-26 11:00:00', 'PLAYED', 1),
(239, 10, 8, 72, 0, 1, '2014-10-26 12:00:00', 'PLAYED', 1),
(240, 32, 34, 72, 0, 6, '2014-10-25 15:30:00', 'PLAYED', 1),
(241, 21, 26, 29, 0, 3, '2014-11-08 16:30:00', 'PLAYED', 1),
(242, 6, 24, 29, 5, 0, '2014-11-08 16:00:00', 'PLAYED', 1),
(243, 12, 7, 29, 4, 0, '2014-11-08 18:00:00', 'PLAYED', 1),
(244, 28, 22, 29, 5, 1, '2014-11-08 18:00:00', 'PLAYED', 1),
(245, 27, 23, 29, 2, 3, '2014-11-08 17:00:00', 'PLAYED', 1),
(246, 5, 25, 29, 3, 1, '2014-11-08 16:00:00', 'PLAYED', 1),
(247, 13, 18, 51, 4, 2, '2014-11-09 11:00:00', 'PLAYED', 1),
(248, 2, 4, 51, 1, 5, '2014-11-09 11:00:00', 'PLAYED', 1),
(249, 11, 15, 51, 1, 1, '2014-11-09 11:30:00', 'PLAYED', 1),
(250, 20, 14, 51, 3, 0, '2014-11-08 16:00:00', 'PLAYED', 1),
(251, 19, 16, 51, 2, 1, '2014-11-08 18:00:00', 'PLAYED', 1),
(252, 1, 17, 51, 0, 4, '2014-11-08 16:00:00', 'PLAYED', 1),
(253, 29, 34, 73, 3, 0, '2014-11-09 12:00:00', 'PLAYED', 1),
(254, 8, 32, 73, 5, 1, '2014-11-08 17:00:00', 'PLAYED', 1),
(255, 36, 10, 73, 4, 2, '2014-11-09 11:00:00', 'PLAYED', 1),
(256, 3, 30, 73, 5, 2, '2014-11-08 19:00:00', 'PLAYED', 1),
(257, 35, 31, 73, 1, 0, '2014-11-09 10:00:00', 'PLAYED', 1),
(258, 9, 33, 73, 1, 3, '2014-11-09 11:00:00', 'PLAYED', 1),
(259, 25, 21, 30, 2, 1, '2014-11-15 19:00:00', 'PLAYED', 1),
(260, 23, 5, 30, 3, 3, '2014-11-15 19:00:00', 'PLAYED', 1),
(261, 22, 27, 30, 1, 1, '2014-11-15 18:00:00', 'PLAYED', 1),
(262, 7, 28, 30, 3, 2, '2014-11-15 18:30:00', 'PLAYED', 1),
(263, 24, 12, 30, 7, 3, '2014-11-15 18:00:00', 'PLAYED', 1),
(264, 26, 6, 30, 0, 1, '2014-11-16 11:00:00', 'PLAYED', 1),
(265, 17, 13, 52, 2, 1, '2014-11-16 12:15:00', 'PLAYED', 1),
(266, 16, 1, 52, 8, 0, '2014-11-16 10:00:00', 'PLAYED', 1),
(267, 14, 19, 52, 2, 2, '2014-11-15 16:00:00', 'PLAYED', 1),
(268, 15, 20, 52, 1, 4, '2014-11-16 11:00:00', 'PLAYED', 1),
(269, 4, 11, 52, 6, 0, '2014-11-15 18:00:00', 'PLAYED', 1),
(270, 18, 2, 52, 4, 4, '2014-11-15 18:00:00', 'PLAYED', 1),
(271, 33, 29, 74, 3, 6, '2014-11-15 16:00:00', 'PLAYED', 1),
(272, 31, 9, 74, 7, 0, '2014-11-15 16:00:00', 'PLAYED', 1),
(273, 30, 35, 74, 1, 4, '2014-11-15 18:00:00', 'PLAYED', 1),
(274, 10, 3, 74, 1, 1, '2014-11-16 11:00:00', 'PLAYED', 1),
(275, 32, 36, 74, 2, 1, '2014-11-15 16:00:00', 'PLAYED', 1),
(276, 34, 8, 74, 1, 3, '2014-11-16 12:00:00', 'PLAYED', 1),
(277, 21, 6, 31, 2, 4, '2014-11-22 16:30:00', 'PLAYED', 1),
(278, 12, 26, 31, 1, 4, '2014-11-22 20:00:00', 'PLAYED', 1),
(279, 28, 24, 31, 2, 1, '2014-11-22 16:00:00', 'PLAYED', 1),
(280, 27, 7, 31, 1, 1, '2014-11-22 16:30:00', 'PLAYED', 1),
(281, 5, 22, 31, 1, 1, '2014-11-22 16:00:00', 'PLAYED', 1),
(282, 25, 23, 31, 4, 4, '2014-11-22 18:00:00', 'PLAYED', 1),
(283, 13, 2, 53, 0, 2, '2014-11-23 11:00:00', 'PLAYED', 1),
(284, 11, 18, 53, 6, 4, '2014-11-23 11:30:00', 'PLAYED', 1),
(285, 20, 4, 53, 2, 1, '2014-11-22 18:00:00', 'PLAYED', 1),
(286, 19, 15, 53, 3, 1, '2014-11-22 18:00:00', 'PLAYED', 1),
(287, 1, 14, 53, 3, 6, '2014-11-22 16:00:00', 'PLAYED', 1),
(288, 17, 16, 53, 4, 1, '2014-11-23 12:15:00', 'PLAYED', 1),
(289, 29, 8, 75, 0, 2, '2014-11-23 12:00:00', 'PLAYED', 1),
(290, 36, 34, 75, 1, 0, '2014-11-23 12:15:00', 'PLAYED', 1),
(291, 3, 32, 75, 4, 2, '2014-11-22 16:00:00', 'PLAYED', 1),
(292, 35, 10, 75, 7, 1, '2014-11-23 10:00:00', 'PLAYED', 1),
(293, 9, 30, 75, 5, 3, '2014-11-23 10:30:00', 'PLAYED', 1),
(294, 33, 31, 75, 2, 3, '2014-11-23 11:00:00', 'PLAYED', 1),
(295, 21, 23, 32, 2, 3, '2014-11-29 16:00:00', 'PLAYED', 1),
(296, 22, 25, 32, 3, 2, '2014-11-29 17:00:00', 'PLAYED', 1),
(297, 7, 5, 32, 4, 2, '2014-11-30 09:00:00', 'PLAYED', 1),
(298, 24, 27, 32, 0, 0, '2014-11-30 12:00:00', 'SUSPENDED', 0),
(299, 26, 28, 32, 2, 1, '2014-11-30 11:00:00', 'PLAYED', 1),
(300, 6, 12, 32, 5, 2, '2014-11-29 16:00:00', 'PLAYED', 1),
(301, 13, 16, 54, 2, 5, '2014-11-29 17:00:00', 'PLAYED', 1),
(302, 14, 17, 54, 1, 0, '2014-11-30 09:15:00', 'PLAYED', 1),
(303, 15, 1, 54, 0, 0, '2014-11-30 11:00:00', 'SUSPENDED', 0),
(304, 4, 19, 54, 1, 0, '2014-11-29 16:00:00', 'PLAYED', 1),
(305, 18, 20, 54, 4, 3, '2014-11-29 18:00:00', 'PLAYED', 1),
(306, 2, 11, 54, 2, 2, '2014-11-30 11:00:00', 'PLAYED', 1),
(307, 29, 31, 76, 2, 1, '2014-11-30 10:30:00', 'PLAYED', 1),
(308, 30, 33, 76, 0, 1, '2014-11-29 16:00:00', 'PLAYED', 1),
(309, 10, 9, 76, 4, 0, '2014-11-30 10:00:00', 'PLAYED', 1),
(310, 32, 35, 76, 0, 0, '2014-11-29 16:00:00', 'SUSPENDED', 0),
(311, 34, 3, 76, 0, 2, '2014-11-30 11:00:00', 'PLAYED', 1),
(312, 8, 36, 76, 2, 3, '2014-11-29 17:00:00', 'PLAYED', 1),
(313, 11, 13, 55, 3, 2, '2014-12-14 12:00:00', 'PLAYED', 1),
(314, 20, 2, 55, 7, 1, '2014-12-13 18:00:00', 'PLAYED', 1),
(315, 19, 18, 55, 0, 3, '2014-12-14 00:00:00', 'PLAYED', 1),
(318, 16, 14, 55, 10, 1, '2014-12-13 16:00:00', 'PLAYED', 1),
(316, 1, 4, 55, 1, 6, '2014-12-13 18:00:00', 'PLAYED', 1),
(317, 17, 15, 55, 4, 2, '2014-12-14 09:00:00', 'PLAYED', 1),
(319, 12, 21, 33, 1, 2, '2014-12-13 18:00:00', 'PLAYED', 1),
(320, 28, 6, 33, 0, 3, '2014-12-13 16:00:00', 'PLAYED', 1),
(321, 27, 26, 33, 2, 3, '2014-12-13 18:30:00', 'PLAYED', 1),
(322, 5, 24, 33, 2, 2, '2014-12-14 11:00:00', 'PLAYED', 1),
(323, 25, 7, 33, 1, 2, '2014-12-13 17:00:00', 'PLAYED', 1),
(324, 23, 22, 33, 2, 3, '2014-12-13 17:00:00', 'PLAYED', 1),
(325, 36, 29, 77, 0, 1, '2014-12-14 11:00:00', 'PLAYED', 1),
(326, 3, 8, 77, 1, 4, '2014-12-13 17:30:00', 'PLAYED', 1),
(327, 35, 34, 77, 3, 1, '2014-12-14 11:00:00', 'PLAYED', 1),
(328, 9, 32, 77, 5, 1, '2014-12-14 11:00:00', 'PLAYED', 1),
(329, 33, 10, 77, 2, 0, '2014-12-13 16:00:00', 'PLAYED', 1),
(330, 31, 30, 77, 0, 3, '2014-12-14 00:00:00', 'PLAYED', 1),
(351, 12, 27, 35, 0, 0, '2015-01-03 16:00:00', 'SCHEDULED', 0),
(350, 21, 28, 35, 0, 0, '2015-01-03 16:30:00', 'SCHEDULED', 0),
(331, 22, 21, 34, 5, 3, '2014-12-20 18:00:00', 'PLAYED', 1),
(332, 23, 7, 34, 0, 3, '2014-12-21 00:00:00', 'PLAYED', 1),
(333, 25, 24, 34, 3, 4, '2014-12-20 15:00:00', 'PLAYED', 1),
(334, 5, 26, 34, 1, 0, '2014-12-21 11:00:00', 'PLAYED', 1),
(335, 27, 6, 34, 2, 5, '2014-12-20 18:00:00', 'PLAYED', 1),
(336, 28, 12, 34, 2, 1, '2014-12-20 16:00:00', 'PLAYED', 1),
(337, 14, 13, 56, 2, 1, '2014-12-21 10:00:00', 'PLAYED', 1),
(338, 16, 15, 56, 4, 2, '2014-12-20 16:30:00', 'PLAYED', 1),
(339, 17, 4, 56, 2, 1, '2014-12-21 12:15:00', 'PLAYED', 1),
(340, 1, 18, 56, 2, 1, '2014-12-20 18:00:00', 'PLAYED', 1),
(341, 2, 1, 57, 2, 0, '2015-01-04 11:00:00', 'PLAYED', 1),
(342, 19, 2, 56, 1, 0, '2014-12-20 18:00:00', 'PLAYED', 1),
(343, 20, 11, 56, 1, 4, '2014-12-20 16:00:00', 'PLAYED', 1),
(357, 11, 19, 57, 0, 0, '2015-01-04 11:30:00', 'SCHEDULED', 0),
(344, 30, 29, 78, 0, 3, '2014-12-20 18:00:00', 'PLAYED', 1),
(345, 31, 10, 78, 5, 1, '2014-12-21 11:00:00', 'PLAYED', 1),
(346, 33, 32, 78, 4, 0, '2014-12-21 11:00:00', 'PLAYED', 1),
(347, 9, 34, 78, 1, 2, '2014-12-21 11:00:00', 'PLAYED', 1),
(348, 35, 8, 78, 0, 0, '2014-12-20 19:00:00', 'PLAYED', 1),
(349, 3, 36, 78, 0, 0, '2014-12-21 00:00:00', 'SUSPENDED', 0),
(353, 26, 25, 35, 0, 0, '2015-01-04 11:00:00', 'SCHEDULED', 0),
(352, 6, 5, 35, 0, 0, '2015-01-03 16:00:00', 'SCHEDULED', 0),
(354, 24, 6, 35, 0, 0, '2015-01-03 17:00:00', 'SCHEDULED', 0),
(355, 7, 22, 35, 0, 0, '2015-01-04 10:00:00', 'SCHEDULED', 0),
(356, 13, 20, 57, 0, 0, '2015-01-04 11:00:00', 'SCHEDULED', 0),
(358, 18, 17, 57, 0, 0, '2015-01-03 18:00:00', 'SCHEDULED', 0),
(359, 4, 16, 57, 0, 0, '2015-01-03 17:00:00', 'SCHEDULED', 0),
(360, 15, 14, 57, 0, 0, '2015-01-04 11:00:00', 'SCHEDULED', 0),
(361, 29, 3, 79, 0, 0, '2015-01-04 00:00:00', 'SCHEDULED', 0),
(362, 36, 35, 79, 0, 0, '2015-01-03 16:00:00', 'SCHEDULED', 0),
(363, 8, 9, 79, 0, 0, '2015-01-03 16:30:00', 'SCHEDULED', 0),
(364, 34, 33, 79, 0, 0, '2015-01-04 00:00:00', 'SUSPENDED', 0),
(365, 32, 31, 79, 0, 0, '2015-01-03 04:00:00', 'SCHEDULED', 0),
(366, 10, 30, 79, 0, 0, '2015-01-04 11:00:00', 'SCHEDULED', 0),
(367, 15, 13, 58, 0, 0, '2015-01-11 00:00:00', 'CALENDAR', 0),
(368, 14, 4, 58, 0, 0, '2015-01-11 00:00:00', 'CALENDAR', 0),
(369, 16, 18, 58, 0, 0, '2015-01-11 00:00:00', 'CALENDAR', 0),
(370, 17, 2, 58, 0, 0, '2015-01-11 00:00:00', 'CALENDAR', 0),
(371, 1, 11, 58, 0, 0, '2015-01-11 00:00:00', 'CALENDAR', 0),
(372, 19, 20, 58, 0, 0, '2015-01-11 00:00:00', 'CALENDAR', 0),
(373, 13, 19, 59, 0, 0, '2015-01-18 00:00:00', 'CALENDAR', 0),
(374, 20, 1, 59, 0, 0, '2015-01-18 00:00:00', 'CALENDAR', 0),
(375, 11, 17, 59, 0, 0, '2015-01-18 00:00:00', 'CALENDAR', 0),
(376, 2, 16, 59, 0, 0, '2015-01-18 00:00:00', 'CALENDAR', 0),
(377, 18, 14, 59, 0, 0, '2015-01-18 00:00:00', 'CALENDAR', 0),
(378, 4, 15, 59, 0, 0, '2015-01-18 00:00:00', 'CALENDAR', 0),
(379, 14, 2, 60, 0, 0, '2015-01-25 00:00:00', 'CALENDAR', 0),
(380, 15, 18, 60, 0, 0, '2015-01-25 00:00:00', 'CALENDAR', 0),
(381, 4, 13, 60, 0, 0, '2015-01-25 00:00:00', 'CALENDAR', 0),
(382, 16, 11, 60, 0, 0, '2015-01-25 00:00:00', 'CALENDAR', 0),
(383, 17, 20, 60, 0, 0, '2015-01-25 00:00:00', 'CALENDAR', 0),
(384, 1, 19, 60, 0, 0, '2015-01-25 00:00:00', 'CALENDAR', 0),
(385, 13, 1, 61, 0, 0, '2015-02-01 00:00:00', 'CALENDAR', 0),
(386, 19, 17, 61, 0, 0, '2015-02-01 00:00:00', 'CALENDAR', 0),
(387, 20, 16, 61, 0, 0, '2015-02-01 00:00:00', 'CALENDAR', 0),
(388, 11, 14, 61, 0, 0, '2015-02-01 00:00:00', 'CALENDAR', 0),
(389, 2, 15, 61, 0, 0, '2015-02-01 00:00:00', 'CALENDAR', 0),
(390, 18, 4, 61, 0, 0, '2015-02-01 00:00:00', 'CALENDAR', 0),
(391, 18, 13, 62, 0, 0, '2015-02-08 00:00:00', 'CALENDAR', 0),
(392, 4, 2, 62, 0, 0, '2015-02-08 00:00:00', 'CALENDAR', 0),
(393, 15, 11, 62, 0, 0, '2015-02-08 00:00:00', 'CALENDAR', 0),
(394, 14, 20, 62, 0, 0, '2015-02-08 00:00:00', 'CALENDAR', 0),
(395, 16, 19, 62, 0, 0, '2015-02-08 00:00:00', 'CALENDAR', 0),
(396, 17, 1, 62, 0, 0, '2015-02-08 00:00:00', 'CALENDAR', 0),
(397, 13, 17, 63, 0, 0, '2015-02-15 00:00:00', 'CALENDAR', 0),
(398, 1, 16, 63, 0, 0, '2015-02-15 00:00:00', 'CALENDAR', 0),
(399, 19, 14, 63, 0, 0, '2015-02-15 00:00:00', 'CALENDAR', 0),
(400, 20, 15, 63, 0, 0, '2015-02-15 00:00:00', 'CALENDAR', 0),
(401, 11, 4, 63, 0, 0, '2015-02-15 00:00:00', 'CALENDAR', 0),
(402, 2, 18, 63, 0, 0, '2015-02-15 00:00:00', 'CALENDAR', 0),
(403, 2, 13, 64, 0, 0, '2015-03-08 00:00:00', 'CALENDAR', 0),
(404, 18, 11, 64, 0, 0, '2015-03-08 00:00:00', 'CALENDAR', 0),
(405, 4, 20, 64, 0, 0, '2015-03-08 00:00:00', 'CALENDAR', 0),
(406, 15, 19, 64, 0, 0, '2015-03-08 00:00:00', 'CALENDAR', 0),
(407, 14, 1, 64, 0, 0, '2015-03-08 00:00:00', 'CALENDAR', 0),
(408, 16, 17, 64, 0, 0, '2015-03-08 00:00:00', 'CALENDAR', 0),
(409, 16, 13, 65, 0, 0, '2015-03-15 00:00:00', 'CALENDAR', 0),
(410, 17, 14, 65, 0, 0, '2015-03-15 00:00:00', 'CALENDAR', 0),
(411, 1, 15, 65, 0, 0, '2015-03-15 00:00:00', 'CALENDAR', 0),
(412, 19, 4, 65, 0, 0, '2015-03-15 00:00:00', 'CALENDAR', 0),
(413, 20, 18, 65, 0, 0, '2015-03-15 00:00:00', 'CALENDAR', 0),
(414, 11, 2, 65, 0, 0, '2015-03-15 00:00:00', 'CALENDAR', 0),
(415, 13, 11, 66, 0, 0, '2015-03-22 00:00:00', 'CALENDAR', 0),
(416, 2, 20, 66, 0, 0, '2015-03-22 00:00:00', 'CALENDAR', 0),
(417, 18, 19, 66, 0, 0, '2015-03-22 00:00:00', 'CALENDAR', 0),
(418, 4, 1, 66, 0, 0, '2015-03-22 00:00:00', 'CALENDAR', 0),
(419, 15, 17, 66, 0, 0, '2015-03-22 00:00:00', 'CALENDAR', 0),
(420, 14, 16, 66, 0, 0, '2015-03-22 00:00:00', 'CALENDAR', 0),
(421, 7, 21, 36, 0, 0, '2015-01-11 00:00:00', 'CALENDAR', 0),
(422, 22, 24, 36, 0, 0, '2015-01-11 00:00:00', 'CALENDAR', 0),
(423, 23, 26, 36, 0, 0, '2015-01-11 00:00:00', 'CALENDAR', 0),
(424, 25, 6, 36, 0, 0, '2015-01-11 00:00:00', 'CALENDAR', 0),
(425, 5, 12, 36, 0, 0, '2015-01-11 00:00:00', 'CALENDAR', 0),
(426, 27, 28, 36, 0, 0, '2015-01-11 00:00:00', 'CALENDAR', 0),
(427, 21, 27, 37, 0, 0, '2015-01-18 00:00:00', 'CALENDAR', 0),
(428, 28, 5, 37, 0, 0, '2015-01-18 00:00:00', 'CALENDAR', 0),
(429, 12, 25, 37, 0, 0, '2015-01-18 00:00:00', 'CALENDAR', 0),
(430, 6, 23, 37, 0, 0, '2015-01-18 00:00:00', 'CALENDAR', 0),
(431, 26, 22, 37, 0, 0, '2015-01-18 00:00:00', 'CALENDAR', 0),
(432, 24, 7, 37, 0, 0, '2015-01-18 00:00:00', 'CALENDAR', 0),
(433, 22, 6, 38, 0, 0, '2015-01-25 00:00:00', 'CALENDAR', 0),
(434, 7, 26, 38, 0, 0, '2015-01-25 00:00:00', 'CALENDAR', 0),
(435, 24, 21, 38, 0, 0, '2015-01-25 00:00:00', 'CALENDAR', 0),
(436, 23, 12, 38, 0, 0, '2015-01-25 00:00:00', 'CALENDAR', 0),
(437, 25, 28, 38, 0, 0, '2015-01-25 00:00:00', 'CALENDAR', 0),
(438, 5, 27, 38, 0, 0, '2015-01-25 00:00:00', 'CALENDAR', 0),
(439, 21, 5, 39, 0, 0, '2015-02-01 00:00:00', 'CALENDAR', 0),
(440, 27, 25, 39, 0, 0, '2015-02-01 00:00:00', 'CALENDAR', 0),
(441, 28, 23, 39, 0, 0, '2015-02-01 00:00:00', 'CALENDAR', 0),
(442, 12, 22, 39, 0, 0, '2015-02-01 00:00:00', 'CALENDAR', 0),
(443, 6, 7, 39, 0, 0, '2015-02-01 00:00:00', 'CALENDAR', 0),
(444, 26, 24, 39, 0, 0, '2015-02-01 00:00:00', 'CALENDAR', 0),
(445, 26, 21, 40, 0, 0, '2015-02-08 00:00:00', 'CALENDAR', 0),
(446, 24, 6, 40, 0, 0, '2015-02-08 00:00:00', 'CALENDAR', 0),
(447, 7, 12, 40, 0, 0, '2015-02-08 00:00:00', 'CALENDAR', 0),
(448, 22, 28, 40, 0, 0, '2015-02-08 00:00:00', 'CALENDAR', 0),
(449, 23, 27, 40, 0, 0, '2015-02-08 00:00:00', 'CALENDAR', 0),
(450, 25, 5, 40, 0, 0, '2015-02-08 00:00:00', 'CALENDAR', 0);

CREATE TABLE IF NOT EXISTS `League` (
  `id` int(11) NOT NULL AUTO_INCREMENT,
  `name` varchar(255) COLLATE utf8_unicode_ci NOT NULL,
  `division` varchar(255) COLLATE utf8_unicode_ci NOT NULL,
  `season` varchar(255) COLLATE utf8_unicode_ci NOT NULL,
  `datebegin` date NOT NULL,
  `dateend` date NOT NULL,
  PRIMARY KEY (`id`)
) ENGINE=MyISAM  DEFAULT CHARSET=utf8 COLLATE=utf8_unicode_ci AUTO_INCREMENT=6 ;

INSERT INTO `League` (`id`, `name`, `division`, `season`, `datebegin`, `dateend`) VALUES
(1, 'Lliga intercomarcal de veterans', 'GRUP B', 'Temporada 2013/2014', '2013-09-01', '2014-06-30'),
(2, 'Lliga intercomarcal de veterans', 'GRUP A', 'Temporada 2014/2015', '2014-09-20', '2015-05-31'),
(3, 'Lliga intercomarcal de veterans', 'GRUP B', 'Temporada 2014/2015', '2014-09-20', '2015-05-31'),
(4, 'Lliga intercomarcal de veterans', 'GRUP C', 'Temporada 2014/2015', '2014-09-20', '2015-05-31');

CREATE TABLE IF NOT EXISTS `Round` (
  `id` int(11) NOT NULL AUTO_INCREMENT,
  `league_id` int(11) DEFAULT NULL,
  `name` varchar(255) COLLATE utf8_unicode_ci NOT NULL,
  `ordernum` int(11) NOT NULL,
  `roundplayed` tinyint(1) NOT NULL,
  PRIMARY KEY (`id`),
  KEY `IDX_42FC53058AFC4DE` (`league_id`)
) ENGINE=MyISAM  DEFAULT CHARSET=utf8 COLLATE=utf8_unicode_ci AUTO_INCREMENT=92 ;

INSERT INTO `Round` (`id`, `league_id`, `name`, `ordernum`, `roundplayed`) VALUES
(1, 1, 'Jornada1', 1, 1),
(2, 1, 'Jornada2', 2, 1),
(3, 1, 'Jornada3', 3, 1),
(4, 1, 'Jornada4', 4, 1),
(5, 1, 'Jornada5', 5, 1),
(6, 1, 'Jornada6', 6, 1),
(7, 1, 'Jornada7', 7, 1),
(8, 1, 'Jornada8', 8, 1),
(9, 1, 'Jornada9', 9, 1),
(10, 1, 'Jornada10', 10, 1),
(11, 1, 'Jornada11', 11, 1),
(12, 1, 'Jornada12', 12, 1),
(13, 1, 'Jornada13', 13, 1),
(14, 1, 'Jornada14', 14, 1),
(15, 1, 'Jornada15', 15, 1),
(16, 1, 'Jornada16', 16, 1),
(17, 1, 'Jornada17', 17, 1),
(18, 1, 'Jornada18', 18, 1),
(19, 1, 'Jornada19', 19, 1),
(20, 1, 'Jornada20', 20, 1),
(21, 1, 'Jornada21', 21, 1),
(22, 1, 'Jornada22', 22, 1),
(23, 2, 'Jornada1', 1, 1),
(24, 2, 'Jornada2', 2, 1),
(25, 2, 'Jornada3', 3, 1),
(26, 2, 'Jornada4', 4, 1),
(27, 2, 'Jornada5', 5, 1),
(28, 2, 'Jornada6', 6, 1),
(29, 2, 'Jornada7', 7, 1),
(30, 2, 'Jornada8', 8, 1),
(31, 2, 'Jornada9', 9, 1),
(32, 2, 'Jornada10', 10, 1),
(33, 2, 'Jornada11', 11, 1),
(34, 2, 'Jornada12', 12, 1),
(35, 2, 'Jornada13', 13, 0),
(36, 2, 'Jornada14', 14, 0),
(37, 2, 'Jornada15', 15, 0),
(38, 2, 'Jornada16', 16, 0),
(39, 2, 'Jornada17', 17, 0),
(40, 2, 'Jornada18', 18, 0),
(41, 2, 'Jornada19', 19, 0),
(42, 2, 'Jornada20', 20, 0),
(43, 2, 'Jornada21', 21, 0),
(44, 2, 'Jornada22', 22, 0),
(45, 3, 'Jornada1', 1, 1),
(46, 3, 'Jornada2', 2, 1),
(47, 3, 'Jornada3', 3, 1),
(48, 3, 'Jornada4', 4, 1),
(49, 3, 'Jornada5', 5, 1),
(50, 3, 'Jornada6', 6, 1),
(51, 3, 'Jornada7', 7, 1),
(52, 3, 'Jornada8', 8, 1),
(53, 3, 'Jornada9', 9, 1),
(54, 3, 'Jornada10', 10, 1),
(55, 3, 'Jornada11', 11, 1),
(56, 3, 'Jornada12', 12, 1),
(57, 3, 'Jornada13', 13, 1),
(58, 3, 'Jornada14', 14, 0),
(59, 3, 'Jornada15', 15, 0),
(60, 3, 'Jornada16', 16, 0),
(61, 3, 'Jornada17', 17, 0),
(62, 3, 'Jornada18', 18, 0),
(63, 3, 'Jornada19', 19, 0),
(64, 3, 'Jornada20', 20, 0),
(65, 3, 'Jornada21', 21, 0),
(66, 3, 'Jornada22', 22, 0),
(67, 4, 'Jornada1', 1, 1),
(68, 4, 'Jornada2', 2, 1),
(69, 4, 'Jornada3', 3, 1),
(70, 4, 'Jornada4', 4, 1),
(71, 4, 'Jornada5', 5, 1),
(72, 4, 'Jornada6', 6, 1),
(73, 4, 'Jornada7', 7, 1),
(74, 4, 'Jornada8', 8, 1),
(75, 4, 'Jornada9', 9, 1),
(76, 4, 'Jornada10', 10, 1),
(77, 4, 'Jornada11', 11, 1),
(78, 4, 'Jornada12', 12, 1),
(79, 4, 'Jornada13', 13, 0),
(80, 4, 'Jornada14', 14, 0),
(81, 4, 'Jornada15', 15, 0),
(82, 4, 'Jornada16', 16, 0),
(83, 4, 'Jornada17', 17, 0),
(84, 4, 'Jornada18', 18, 0),
(85, 4, 'Jornada19', 19, 0),
(86, 4, 'Jornada20', 20, 0),
(87, 4, 'Jornada21', 21, 0),
(88, 4, 'Jornada22', 22, 0);

CREATE TABLE IF NOT EXISTS `Standing` (
  `id` int(11) NOT NULL AUTO_INCREMENT,
  `classification_id` int(11) DEFAULT NULL,
  `club_id` int(11) DEFAULT NULL,
  `position` int(11) NOT NULL,
  `gamesplayed` int(11) NOT NULL,
  `gameswin` int(11) NOT NULL,
  `gamesdefeat` int(11) NOT NULL,
  `gamesdraw` int(11) NOT NULL,
  `goalsfavorables` int(11) NOT NULL,
  `goalsagainst` int(11) NOT NULL,
  `goalsdifference` int(11) NOT NULL,
  `points` int(11) NOT NULL,
  PRIMARY KEY (`id`),
  KEY `IDX_98ECE88E2A86559F` (`classification_id`),
  KEY `IDX_98ECE88E61190A32` (`club_id`)
) ENGINE=MyISAM  DEFAULT CHARSET=utf8 COLLATE=utf8_unicode_ci AUTO_INCREMENT=889 ;

INSERT INTO `Standing` (`id`, `classification_id`, `club_id`, `position`, `gamesplayed`, `gameswin`, `gamesdefeat`, `gamesdraw`, `goalsfavorables`, `goalsagainst`, `goalsdifference`, `points`) VALUES
(1, 1, 4, 1, 1, 1, 0, 0, 5, 1, 4, 3),
(2, 1, 10, 12, 1, 0, 1, 0, 1, 5, -4, 0),
(3, 1, 2, 3, 1, 1, 0, 0, 4, 2, 2, 3),
(4, 1, 7, 10, 1, 0, 1, 0, 2, 4, -2, 0),
(5, 1, 11, 6, 1, 1, 0, 0, 2, 1, 1, 3),
(6, 1, 5, 7, 1, 0, 1, 0, 1, 2, -1, 0),
(7, 1, 12, 8, 1, 0, 1, 0, 1, 2, -1, 0),
(8, 1, 6, 5, 1, 1, 0, 0, 2, 1, 1, 3),
(9, 1, 3, 11, 1, 0, 1, 0, 0, 3, -3, 0),
(10, 1, 9, 2, 1, 1, 0, 0, 3, 0, 3, 3),
(11, 1, 1, 9, 1, 0, 1, 0, 0, 2, -2, 0),
(12, 1, 8, 4, 1, 1, 0, 0, 2, 0, 2, 3),
(13, 2, 8, 2, 2, 2, 0, 0, 5, 1, 4, 6),
(14, 2, 4, 4, 2, 1, 1, 0, 6, 4, 2, 3),
(15, 2, 9, 1, 2, 2, 0, 0, 5, 0, 5, 6),
(16, 2, 1, 11, 2, 0, 2, 0, 0, 4, -4, 0),
(17, 2, 6, 3, 2, 2, 0, 0, 5, 2, 3, 6),
(18, 2, 3, 12, 2, 0, 2, 0, 1, 6, -5, 0),
(19, 2, 5, 9, 2, 0, 1, 1, 1, 2, -1, 1),
(20, 2, 12, 10, 2, 0, 1, 1, 1, 2, -1, 1),
(21, 2, 7, 7, 2, 1, 1, 0, 3, 4, -1, 3),
(22, 2, 11, 6, 2, 1, 1, 0, 2, 2, 0, 3),
(23, 2, 10, 8, 2, 1, 1, 0, 2, 5, -3, 3),
(24, 2, 2, 5, 2, 1, 1, 0, 4, 3, 1, 3),
(25, 3, 4, 6, 3, 1, 1, 1, 8, 6, 2, 4),
(26, 3, 2, 7, 3, 1, 1, 1, 6, 5, 1, 4),
(27, 3, 11, 3, 3, 2, 1, 0, 10, 2, 8, 6),
(28, 3, 10, 9, 3, 1, 2, 0, 2, 13, -11, 3),
(29, 3, 12, 11, 3, 0, 2, 1, 4, 6, -2, 1),
(30, 3, 7, 5, 3, 2, 1, 0, 7, 7, 0, 6),
(31, 3, 3, 8, 3, 1, 2, 0, 2, 6, -4, 3),
(32, 3, 5, 10, 3, 0, 2, 1, 1, 3, -2, 1),
(33, 3, 1, 12, 3, 0, 3, 0, 1, 8, -7, 0),
(34, 3, 6, 1, 3, 3, 0, 0, 9, 3, 6, 9),
(35, 3, 8, 2, 3, 3, 0, 0, 8, 2, 6, 9),
(36, 3, 9, 4, 3, 2, 1, 0, 6, 3, 3, 6),
(37, 4, 9, 7, 4, 2, 2, 0, 6, 8, -2, 6),
(38, 4, 4, 4, 4, 2, 1, 1, 13, 6, 7, 7),
(39, 4, 6, 2, 4, 3, 1, 0, 12, 7, 5, 9),
(40, 4, 8, 1, 4, 4, 0, 0, 12, 5, 7, 12),
(41, 4, 5, 12, 4, 0, 3, 1, 1, 6, -5, 1),
(42, 4, 1, 9, 4, 1, 3, 0, 4, 8, -4, 3),
(43, 4, 7, 3, 4, 3, 1, 0, 13, 10, 3, 9),
(44, 4, 3, 10, 4, 1, 3, 0, 5, 12, -7, 3),
(45, 4, 10, 8, 4, 2, 2, 0, 4, 14, -10, 6),
(46, 4, 12, 11, 4, 0, 3, 1, 5, 8, -3, 1),
(47, 4, 2, 5, 4, 2, 1, 1, 8, 6, 2, 7),
(48, 4, 11, 6, 4, 2, 2, 0, 11, 4, 7, 6),
(49, 5, 4, 5, 5, 2, 1, 2, 14, 7, 7, 8),
(50, 5, 11, 6, 5, 2, 2, 1, 12, 5, 7, 7),
(51, 5, 12, 12, 5, 0, 4, 1, 6, 12, -6, 1),
(52, 5, 2, 3, 5, 3, 1, 1, 12, 7, 5, 10),
(53, 5, 3, 10, 5, 1, 3, 1, 5, 12, -7, 4),
(54, 5, 10, 7, 5, 2, 2, 1, 4, 14, -10, 7),
(55, 5, 1, 9, 5, 1, 3, 1, 6, 10, -4, 4),
(56, 5, 7, 4, 5, 3, 1, 1, 15, 12, 3, 10),
(57, 5, 8, 1, 5, 5, 0, 0, 13, 5, 8, 15),
(58, 5, 5, 11, 5, 0, 4, 1, 1, 7, -6, 1),
(59, 5, 9, 8, 5, 2, 3, 0, 8, 12, -4, 6),
(60, 5, 6, 2, 5, 4, 1, 0, 16, 9, 7, 12),
(61, 6, 6, 2, 6, 5, 1, 0, 19, 9, 10, 15),
(62, 6, 4, 8, 6, 2, 2, 2, 14, 10, 4, 8),
(63, 6, 5, 12, 6, 0, 5, 1, 3, 11, -8, 1),
(64, 6, 9, 6, 6, 3, 3, 0, 12, 14, -2, 9),
(65, 6, 8, 1, 6, 6, 0, 0, 17, 5, 12, 18),
(66, 6, 7, 4, 6, 3, 2, 1, 15, 16, -1, 10),
(67, 6, 10, 5, 6, 3, 2, 1, 5, 14, -9, 10),
(68, 6, 1, 9, 6, 1, 4, 1, 6, 11, -5, 4),
(69, 6, 2, 3, 6, 4, 1, 1, 14, 8, 6, 13),
(70, 6, 3, 10, 6, 1, 4, 1, 6, 14, -8, 4),
(71, 6, 11, 7, 6, 2, 2, 2, 14, 7, 7, 8),
(72, 6, 12, 11, 6, 0, 4, 2, 8, 14, -6, 2),
(73, 7, 4, 4, 7, 3, 2, 2, 21, 10, 11, 11),
(74, 7, 12, 11, 7, 0, 5, 2, 8, 21, -13, 2),
(75, 7, 3, 10, 7, 1, 5, 1, 6, 15, -9, 4),
(76, 7, 11, 5, 7, 3, 2, 2, 15, 7, 8, 11),
(77, 7, 1, 9, 7, 1, 4, 2, 7, 12, -5, 5),
(78, 7, 2, 3, 7, 4, 1, 2, 15, 9, 6, 14),
(79, 7, 8, 1, 7, 7, 0, 0, 21, 6, 15, 21),
(80, 7, 10, 8, 7, 3, 3, 1, 6, 18, -12, 10),
(81, 7, 9, 7, 7, 3, 3, 1, 15, 17, -2, 10),
(82, 7, 7, 6, 7, 3, 2, 2, 18, 19, -1, 11),
(83, 7, 6, 2, 7, 6, 1, 0, 25, 10, 15, 18),
(84, 7, 5, 12, 7, 0, 6, 1, 4, 17, -13, 1),
(85, 8, 5, 12, 8, 0, 7, 1, 5, 19, -14, 1),
(86, 8, 4, 3, 8, 4, 2, 2, 23, 11, 12, 14),
(87, 8, 7, 7, 8, 3, 3, 2, 18, 27, -9, 11),
(88, 8, 6, 2, 8, 7, 1, 0, 33, 10, 23, 21),
(89, 8, 10, 8, 8, 3, 4, 1, 6, 27, -21, 10),
(90, 8, 9, 6, 8, 4, 3, 1, 24, 17, 7, 13),
(91, 8, 2, 5, 8, 4, 2, 2, 17, 12, 5, 14),
(92, 8, 8, 1, 8, 8, 0, 0, 24, 8, 16, 24),
(93, 8, 11, 4, 8, 4, 2, 2, 18, 9, 9, 14),
(94, 8, 1, 10, 8, 1, 5, 2, 9, 15, -6, 5),
(95, 8, 12, 11, 8, 0, 6, 2, 8, 23, -15, 2),
(96, 8, 3, 9, 8, 2, 5, 1, 8, 15, -7, 7),
(97, 9, 4, 3, 9, 5, 2, 2, 29, 11, 18, 17),
(98, 9, 3, 10, 9, 2, 6, 1, 8, 21, -13, 7),
(99, 9, 1, 9, 9, 2, 5, 2, 16, 15, 1, 8),
(100, 9, 12, 11, 9, 0, 7, 2, 8, 30, -22, 2),
(101, 9, 8, 1, 9, 9, 0, 0, 29, 10, 19, 27),
(102, 9, 11, 6, 9, 4, 3, 2, 20, 14, 6, 14),
(103, 9, 9, 5, 9, 4, 3, 2, 24, 17, 7, 14),
(104, 9, 2, 4, 9, 4, 2, 3, 17, 12, 5, 15),
(105, 9, 6, 2, 9, 8, 1, 0, 36, 10, 26, 24),
(106, 9, 10, 8, 9, 3, 5, 1, 6, 30, -24, 10),
(107, 9, 5, 12, 9, 0, 8, 1, 6, 23, -17, 1),
(108, 9, 7, 7, 9, 4, 3, 2, 22, 28, -6, 14),
(109, 10, 4, 3, 10, 6, 2, 2, 34, 11, 23, 20),
(110, 10, 7, 7, 10, 4, 4, 2, 22, 33, -11, 14),
(111, 10, 10, 9, 10, 3, 6, 1, 8, 37, -29, 10),
(112, 10, 5, 11, 10, 1, 8, 1, 13, 25, -12, 4),
(113, 10, 2, 5, 10, 4, 3, 3, 17, 19, -2, 15),
(114, 10, 6, 2, 10, 9, 1, 0, 43, 10, 33, 27),
(115, 10, 11, 4, 10, 5, 3, 2, 26, 17, 9, 17),
(116, 10, 9, 6, 10, 4, 4, 2, 27, 23, 4, 14),
(117, 10, 12, 12, 10, 0, 8, 2, 8, 37, -29, 2),
(118, 10, 8, 1, 10, 10, 0, 0, 36, 10, 26, 30),
(119, 10, 3, 8, 10, 3, 6, 1, 9, 21, -12, 10),
(120, 10, 1, 10, 10, 2, 6, 2, 16, 16, 0, 8),
(121, 11, 1, 10, 11, 2, 7, 2, 16, 19, -3, 8),
(122, 11, 4, 3, 11, 7, 2, 2, 37, 11, 26, 23),
(123, 11, 8, 1, 11, 11, 0, 0, 42, 10, 32, 33),
(124, 11, 3, 8, 11, 3, 7, 1, 9, 27, -18, 10),
(125, 11, 9, 4, 11, 5, 4, 2, 32, 24, 8, 17),
(126, 11, 12, 12, 11, 0, 9, 2, 9, 42, -33, 2),
(127, 11, 6, 2, 11, 10, 1, 0, 47, 13, 34, 30),
(128, 11, 11, 5, 11, 5, 4, 2, 29, 21, 8, 17),
(129, 11, 5, 11, 11, 2, 8, 1, 18, 27, -9, 7),
(130, 11, 2, 7, 11, 4, 4, 3, 19, 24, -5, 15),
(131, 11, 7, 6, 11, 5, 4, 2, 25, 33, -8, 17),
(132, 11, 10, 9, 11, 3, 7, 1, 8, 40, -32, 10),
(133, 12, 10, 9, 12, 3, 8, 1, 9, 43, -34, 10),
(134, 12, 4, 3, 12, 8, 2, 2, 40, 12, 28, 26),
(135, 12, 7, 5, 12, 6, 4, 2, 27, 34, -7, 20),
(136, 12, 2, 7, 12, 4, 5, 3, 20, 26, -6, 15),
(137, 12, 5, 11, 12, 2, 9, 1, 19, 30, -11, 7),
(138, 12, 11, 4, 12, 6, 4, 2, 32, 22, 10, 20),
(139, 12, 6, 2, 12, 11, 1, 0, 51, 13, 38, 33),
(140, 12, 12, 12, 12, 0, 10, 2, 9, 46, -37, 2),
(141, 12, 9, 6, 12, 5, 4, 3, 33, 25, 8, 18),
(142, 12, 3, 8, 12, 3, 7, 2, 10, 28, -18, 11),
(143, 12, 8, 1, 12, 11, 0, 1, 44, 12, 32, 34),
(144, 12, 1, 10, 12, 2, 7, 3, 18, 21, -3, 9),
(145, 13, 4, 3, 13, 8, 3, 2, 41, 15, 26, 26),
(146, 13, 8, 1, 13, 12, 0, 1, 47, 13, 34, 37),
(147, 13, 1, 8, 13, 3, 7, 3, 21, 23, -2, 12),
(148, 13, 9, 6, 13, 5, 5, 3, 35, 28, 7, 18),
(149, 13, 3, 9, 13, 3, 8, 2, 10, 30, -20, 11),
(150, 13, 6, 2, 13, 12, 1, 0, 53, 13, 40, 36),
(151, 13, 12, 12, 13, 0, 11, 2, 10, 50, -40, 2),
(152, 13, 5, 11, 13, 3, 9, 1, 23, 31, -8, 10),
(153, 13, 11, 4, 13, 7, 4, 2, 37, 24, 13, 23),
(154, 13, 7, 5, 13, 6, 5, 2, 29, 39, -10, 20),
(155, 13, 2, 7, 13, 4, 5, 4, 22, 28, -6, 16),
(156, 13, 10, 10, 13, 3, 8, 2, 11, 45, -34, 11),
(157, 14, 2, 7, 14, 4, 6, 4, 23, 32, -9, 16),
(158, 14, 4, 3, 14, 9, 3, 2, 45, 16, 29, 29),
(159, 14, 10, 10, 14, 3, 8, 3, 13, 47, -34, 12),
(160, 14, 11, 4, 14, 7, 4, 3, 39, 26, 13, 24),
(161, 14, 7, 5, 14, 7, 5, 2, 33, 40, -7, 23),
(162, 14, 12, 12, 14, 0, 12, 2, 11, 54, -43, 2),
(163, 14, 5, 11, 14, 3, 10, 1, 24, 33, -9, 10),
(164, 14, 3, 8, 14, 4, 8, 2, 12, 31, -19, 14),
(165, 14, 6, 2, 14, 13, 1, 0, 57, 13, 44, 39),
(166, 14, 1, 9, 14, 3, 8, 3, 21, 27, -6, 12),
(167, 14, 9, 6, 14, 5, 6, 3, 35, 33, 2, 18),
(168, 14, 8, 1, 14, 13, 0, 1, 52, 13, 39, 40),
(169, 15, 4, 3, 15, 9, 4, 2, 46, 18, 28, 29),
(170, 15, 9, 6, 15, 6, 6, 3, 37, 34, 3, 21),
(171, 15, 8, 2, 15, 13, 1, 1, 53, 18, 35, 40),
(172, 15, 6, 1, 15, 14, 1, 0, 62, 14, 48, 42),
(173, 15, 1, 11, 15, 3, 9, 3, 21, 29, -8, 12),
(174, 15, 5, 9, 15, 4, 10, 1, 26, 33, -7, 13),
(175, 15, 3, 8, 15, 4, 8, 3, 12, 31, -19, 15),
(176, 15, 7, 5, 15, 7, 5, 3, 33, 40, -7, 24),
(177, 15, 12, 12, 15, 0, 12, 3, 12, 55, -43, 3),
(178, 15, 10, 10, 15, 3, 8, 4, 14, 48, -34, 13),
(179, 15, 11, 4, 15, 8, 4, 3, 44, 27, 17, 27),
(180, 15, 2, 7, 15, 4, 7, 4, 24, 37, -13, 16),
(181, 16, 11, 4, 16, 8, 5, 3, 46, 30, 16, 27),
(182, 16, 4, 3, 16, 10, 4, 2, 49, 20, 29, 32),
(183, 16, 2, 7, 16, 5, 7, 4, 26, 37, -11, 19),
(184, 16, 12, 12, 16, 0, 13, 3, 12, 57, -45, 3),
(185, 16, 10, 8, 16, 4, 8, 4, 18, 49, -31, 16),
(186, 16, 3, 9, 16, 4, 9, 3, 13, 35, -22, 15),
(187, 16, 7, 5, 16, 8, 5, 3, 37, 40, -3, 27),
(188, 16, 1, 11, 16, 3, 10, 3, 21, 33, -12, 12),
(189, 16, 5, 10, 16, 4, 11, 1, 26, 36, -10, 13),
(190, 16, 8, 2, 16, 14, 1, 1, 56, 18, 38, 43),
(191, 16, 6, 1, 16, 15, 1, 0, 66, 15, 51, 45),
(192, 16, 9, 6, 16, 6, 7, 3, 38, 38, 0, 21),
(193, 17, 4, 3, 17, 10, 5, 2, 51, 23, 28, 32),
(194, 17, 6, 1, 17, 16, 1, 0, 69, 17, 52, 48),
(195, 17, 9, 6, 17, 7, 7, 3, 42, 40, 2, 24),
(196, 17, 5, 11, 17, 4, 12, 1, 28, 40, -12, 13),
(197, 17, 8, 2, 17, 15, 1, 1, 60, 19, 41, 46),
(198, 17, 7, 5, 17, 8, 6, 3, 38, 44, -6, 27),
(199, 17, 1, 10, 17, 4, 10, 3, 28, 34, -6, 15),
(200, 17, 10, 9, 17, 4, 9, 4, 19, 56, -37, 16),
(201, 17, 12, 12, 17, 0, 13, 4, 15, 60, -45, 4),
(202, 17, 11, 4, 17, 8, 5, 4, 49, 33, 16, 28),
(203, 17, 3, 8, 17, 5, 9, 3, 15, 36, -21, 18),
(204, 17, 2, 7, 17, 5, 8, 4, 27, 39, -12, 19),
(205, 18, 12, 12, 18, 0, 14, 4, 15, 63, -48, 4),
(206, 18, 4, 3, 18, 11, 5, 2, 54, 23, 31, 35),
(207, 18, 11, 4, 18, 9, 5, 4, 54, 34, 20, 31),
(208, 18, 3, 9, 18, 5, 10, 3, 16, 41, -25, 18),
(209, 18, 2, 7, 18, 5, 9, 4, 28, 41, -13, 19),
(210, 18, 1, 8, 18, 5, 10, 3, 30, 35, -5, 18),
(211, 18, 10, 10, 18, 4, 10, 4, 21, 62, -41, 16),
(212, 18, 8, 2, 18, 16, 1, 1, 66, 21, 45, 49),
(213, 18, 7, 5, 18, 9, 6, 3, 42, 47, -5, 30),
(214, 18, 9, 6, 18, 7, 8, 3, 45, 44, 1, 24),
(215, 18, 5, 11, 18, 4, 13, 1, 29, 42, -13, 13),
(216, 18, 6, 1, 18, 17, 1, 0, 71, 18, 53, 51),
(217, 19, 4, 3, 19, 12, 5, 2, 60, 25, 35, 38),
(218, 19, 5, 11, 19, 4, 14, 1, 31, 48, -17, 13),
(219, 19, 6, 1, 19, 18, 1, 0, 75, 19, 56, 54),
(220, 19, 7, 5, 19, 9, 7, 3, 43, 51, -8, 30),
(221, 19, 8, 2, 19, 16, 2, 1, 67, 23, 44, 49),
(222, 19, 2, 7, 19, 6, 9, 4, 30, 42, -12, 22),
(223, 19, 9, 6, 19, 8, 8, 3, 51, 44, 7, 27),
(224, 19, 10, 10, 19, 4, 11, 4, 21, 68, -47, 16),
(225, 19, 1, 9, 19, 5, 11, 3, 30, 38, -8, 18),
(226, 19, 11, 4, 19, 10, 5, 4, 57, 34, 23, 34),
(227, 19, 3, 8, 19, 6, 10, 3, 18, 42, -24, 21),
(228, 19, 12, 12, 19, 0, 15, 4, 16, 65, -49, 4),
(229, 20, 3, 8, 20, 6, 11, 3, 18, 43, -25, 21),
(230, 20, 4, 3, 20, 13, 5, 2, 61, 25, 36, 41),
(231, 20, 12, 12, 20, 0, 15, 5, 17, 66, -49, 5),
(232, 20, 1, 9, 20, 5, 11, 4, 31, 39, -8, 19),
(233, 20, 11, 4, 20, 11, 5, 4, 63, 39, 24, 37),
(234, 20, 8, 2, 20, 16, 3, 1, 72, 29, 43, 49),
(235, 20, 10, 10, 20, 5, 11, 4, 26, 70, -44, 19),
(236, 20, 6, 1, 20, 18, 2, 0, 77, 24, 53, 54),
(237, 20, 2, 7, 20, 6, 9, 5, 30, 42, -12, 23),
(238, 20, 9, 6, 20, 8, 8, 4, 51, 44, 7, 28),
(239, 20, 7, 5, 20, 10, 7, 3, 45, 52, -7, 33),
(240, 20, 5, 11, 20, 4, 15, 1, 32, 50, -18, 13),
(241, 21, 1, 9, 21, 5, 11, 5, 32, 40, -8, 20),
(242, 21, 3, 8, 21, 6, 11, 4, 19, 44, -25, 22),
(243, 21, 7, 5, 21, 10, 8, 3, 45, 57, -12, 33),
(244, 21, 4, 3, 21, 14, 5, 2, 66, 25, 41, 44),
(245, 21, 5, 11, 21, 5, 15, 1, 36, 50, -14, 16),
(246, 21, 10, 10, 21, 5, 12, 4, 26, 74, -48, 19),
(247, 21, 6, 1, 21, 19, 2, 0, 81, 24, 57, 57),
(248, 21, 2, 7, 21, 6, 10, 5, 30, 46, -16, 23),
(249, 21, 9, 6, 21, 9, 8, 4, 54, 46, 8, 31),
(250, 21, 11, 4, 21, 11, 6, 4, 65, 42, 23, 37),
(251, 21, 8, 2, 21, 17, 3, 1, 76, 30, 46, 52),
(252, 21, 12, 12, 21, 0, 16, 5, 18, 70, -52, 5),
(253, 22, 4, 3, 22, 15, 5, 2, 71, 26, 45, 47),
(254, 22, 1, 9, 22, 5, 12, 5, 33, 45, -12, 20),
(255, 22, 3, 8, 22, 6, 12, 4, 19, 45, -26, 22),
(256, 22, 8, 2, 22, 18, 3, 1, 77, 30, 47, 55),
(257, 22, 12, 12, 22, 0, 17, 5, 18, 74, -56, 5),
(258, 22, 9, 6, 22, 10, 8, 4, 58, 46, 12, 34),
(259, 22, 11, 4, 22, 11, 7, 4, 68, 48, 20, 37),
(260, 22, 6, 1, 22, 20, 2, 0, 87, 27, 60, 60),
(261, 22, 2, 7, 22, 6, 10, 6, 33, 49, -16, 24),
(262, 22, 5, 11, 22, 5, 15, 2, 39, 53, -14, 17),
(263, 22, 10, 10, 22, 5, 13, 4, 27, 80, -53, 19),
(264, 22, 7, 5, 22, 11, 8, 3, 51, 58, -7, 36),
(265, 23, 13, 6, 1, 0, 0, 1, 3, 3, 0, 1),
(266, 23, 14, 7, 1, 0, 0, 1, 3, 3, 0, 1),
(267, 23, 15, 9, 1, 0, 1, 0, 2, 3, -1, 0),
(268, 23, 16, 2, 1, 1, 0, 0, 3, 2, 1, 3),
(269, 23, 4, 11, 1, 0, 1, 0, 1, 2, -1, 0),
(270, 23, 17, 5, 1, 1, 0, 0, 2, 1, 1, 3),
(271, 23, 18, 1, 1, 1, 0, 0, 3, 2, 1, 3),
(272, 23, 1, 8, 1, 0, 1, 0, 2, 3, -1, 0),
(273, 23, 2, 10, 1, 0, 1, 0, 1, 2, -1, 0),
(274, 23, 19, 3, 1, 1, 0, 0, 2, 1, 1, 3),
(275, 23, 11, 4, 1, 1, 0, 0, 3, 2, 1, 3),
(276, 23, 20, 12, 1, 0, 1, 0, 2, 3, -1, 0),
(277, 24, 20, 5, 2, 1, 1, 0, 8, 5, 3, 3),
(278, 24, 13, 10, 2, 0, 1, 1, 5, 9, -4, 1),
(279, 24, 19, 2, 2, 2, 0, 0, 3, 1, 2, 6),
(280, 24, 11, 7, 2, 1, 1, 0, 3, 3, 0, 3),
(281, 24, 1, 11, 2, 0, 2, 0, 3, 7, -4, 0),
(282, 24, 2, 6, 2, 1, 1, 0, 5, 3, 2, 3),
(283, 24, 17, 1, 2, 2, 0, 0, 7, 2, 5, 6),
(284, 24, 18, 8, 2, 1, 1, 0, 4, 7, -3, 3),
(285, 24, 16, 9, 2, 1, 1, 0, 3, 7, -4, 3),
(286, 24, 4, 4, 2, 1, 1, 0, 6, 2, 4, 3),
(287, 24, 14, 3, 2, 1, 0, 1, 6, 3, 3, 4),
(288, 24, 15, 12, 2, 0, 2, 0, 2, 6, -4, 0),
(289, 25, 13, 10, 3, 0, 1, 2, 6, 10, -4, 2),
(290, 25, 15, 11, 3, 0, 2, 1, 3, 7, -4, 1),
(291, 25, 4, 3, 3, 2, 1, 0, 10, 4, 6, 6),
(292, 25, 14, 8, 3, 1, 1, 1, 8, 7, 1, 4),
(293, 25, 18, 9, 3, 1, 2, 0, 6, 12, -6, 3),
(294, 25, 16, 5, 3, 2, 1, 0, 8, 9, -1, 6),
(295, 25, 2, 7, 3, 1, 1, 1, 7, 5, 2, 4),
(296, 25, 17, 1, 3, 2, 0, 1, 9, 4, 5, 7),
(297, 25, 11, 4, 3, 2, 1, 0, 7, 4, 3, 6),
(298, 25, 1, 12, 3, 0, 3, 0, 4, 11, -7, 0),
(299, 25, 20, 6, 3, 1, 1, 1, 9, 6, 3, 4),
(300, 25, 19, 2, 3, 2, 0, 1, 4, 2, 2, 7),
(301, 26, 19, 2, 4, 3, 0, 1, 7, 2, 5, 10),
(302, 26, 13, 10, 4, 0, 2, 2, 6, 13, -7, 2),
(303, 26, 1, 12, 4, 0, 4, 0, 4, 17, -13, 0),
(304, 26, 20, 5, 4, 2, 1, 1, 15, 6, 9, 7),
(305, 26, 17, 1, 4, 3, 0, 1, 11, 4, 7, 10),
(306, 26, 11, 7, 4, 2, 2, 0, 7, 6, 1, 6),
(307, 26, 16, 4, 4, 3, 1, 0, 10, 10, 0, 9),
(308, 26, 2, 8, 4, 1, 2, 1, 8, 7, 1, 4),
(309, 26, 14, 6, 4, 2, 1, 1, 14, 11, 3, 7),
(310, 26, 18, 9, 4, 1, 3, 0, 10, 18, -8, 3),
(311, 26, 15, 11, 4, 0, 3, 1, 6, 12, -6, 1),
(312, 26, 4, 3, 4, 3, 1, 0, 15, 7, 8, 9),
(313, 27, 2, 6, 5, 2, 2, 1, 14, 10, 4, 7),
(314, 27, 14, 7, 5, 2, 2, 1, 17, 17, 0, 7),
(315, 27, 18, 10, 5, 1, 4, 0, 10, 21, -11, 3),
(316, 27, 15, 9, 5, 1, 3, 1, 9, 12, -3, 4),
(317, 27, 13, 11, 5, 0, 3, 2, 6, 14, -8, 2),
(318, 27, 4, 2, 5, 4, 1, 0, 16, 7, 9, 12),
(319, 27, 11, 8, 5, 2, 3, 0, 8, 8, 0, 6),
(320, 27, 16, 3, 5, 4, 1, 0, 12, 11, 1, 12),
(321, 27, 20, 4, 5, 3, 1, 1, 17, 7, 10, 10),
(322, 27, 17, 5, 5, 3, 1, 1, 12, 6, 6, 10),
(323, 27, 19, 1, 5, 4, 0, 1, 10, 2, 8, 13),
(324, 27, 1, 12, 5, 0, 5, 0, 4, 20, -16, 0),
(325, 28, 1, 12, 6, 0, 6, 0, 6, 23, -17, 0),
(326, 28, 13, 10, 6, 1, 3, 2, 9, 16, -7, 5),
(327, 28, 17, 5, 5, 3, 1, 1, 12, 6, 6, 10),
(328, 28, 19, 2, 5, 4, 0, 1, 10, 2, 8, 13),
(329, 28, 16, 3, 6, 4, 1, 1, 12, 11, 1, 13),
(330, 28, 20, 4, 6, 3, 1, 2, 17, 7, 10, 11),
(331, 28, 14, 8, 6, 2, 3, 1, 18, 21, -3, 7),
(332, 28, 11, 6, 6, 3, 3, 0, 12, 9, 3, 9),
(333, 28, 15, 9, 6, 1, 3, 2, 10, 13, -3, 5),
(334, 28, 2, 7, 6, 2, 2, 2, 15, 11, 4, 8),
(335, 28, 4, 1, 6, 5, 1, 0, 25, 7, 18, 15),
(336, 28, 18, 11, 6, 1, 5, 0, 10, 30, -20, 3),
(337, 29, 13, 8, 7, 2, 3, 2, 13, 18, -5, 8),
(338, 29, 18, 11, 7, 1, 6, 0, 12, 34, -22, 3),
(339, 29, 2, 7, 7, 2, 3, 2, 16, 16, 0, 8),
(340, 29, 4, 1, 7, 6, 1, 0, 30, 8, 22, 18),
(341, 29, 11, 6, 7, 3, 3, 1, 13, 10, 3, 10),
(342, 29, 15, 10, 7, 1, 3, 3, 11, 14, -3, 6),
(343, 29, 20, 3, 7, 4, 1, 2, 20, 7, 13, 14),
(344, 29, 14, 9, 7, 2, 4, 1, 18, 24, -6, 7),
(345, 29, 19, 2, 6, 5, 0, 1, 12, 3, 9, 16),
(346, 29, 16, 5, 7, 4, 2, 1, 13, 13, 0, 13),
(347, 29, 1, 12, 7, 0, 7, 0, 6, 27, -21, 0),
(348, 29, 17, 4, 6, 4, 1, 1, 16, 6, 10, 13),
(349, 30, 17, 4, 7, 5, 1, 1, 18, 7, 11, 16),
(350, 30, 13, 8, 8, 2, 4, 2, 14, 20, -6, 8),
(351, 30, 16, 5, 8, 5, 2, 1, 21, 13, 8, 16),
(352, 30, 1, 12, 8, 0, 8, 0, 6, 35, -29, 0),
(353, 30, 14, 9, 8, 2, 4, 2, 20, 26, -6, 8),
(354, 30, 19, 3, 7, 5, 0, 2, 14, 5, 9, 17),
(355, 30, 15, 10, 8, 1, 4, 3, 12, 18, -6, 6),
(356, 30, 20, 2, 8, 5, 1, 2, 24, 8, 16, 17),
(357, 30, 4, 1, 8, 7, 1, 0, 36, 8, 28, 21),
(358, 30, 11, 6, 8, 3, 4, 1, 13, 16, -3, 10),
(359, 30, 18, 11, 8, 1, 6, 1, 16, 38, -22, 4),
(360, 30, 2, 7, 8, 2, 3, 3, 20, 20, 0, 9),
(361, 31, 13, 9, 9, 2, 5, 2, 14, 22, -8, 8),
(362, 31, 2, 7, 9, 3, 3, 3, 22, 20, 2, 12),
(363, 31, 11, 6, 9, 4, 4, 1, 19, 20, -1, 13),
(364, 31, 18, 11, 9, 1, 7, 1, 20, 44, -24, 4),
(365, 31, 20, 2, 9, 6, 1, 2, 26, 9, 17, 20),
(366, 31, 4, 1, 9, 7, 2, 0, 37, 10, 27, 21),
(367, 31, 19, 3, 8, 6, 0, 2, 17, 6, 11, 20),
(368, 31, 15, 10, 9, 1, 5, 3, 13, 21, -8, 6),
(369, 31, 1, 12, 9, 0, 9, 0, 9, 41, -32, 0),
(370, 31, 14, 8, 9, 3, 4, 2, 26, 29, -3, 11),
(371, 31, 17, 4, 8, 6, 1, 1, 22, 8, 14, 19),
(372, 31, 16, 5, 9, 5, 3, 1, 22, 17, 5, 16),
(373, 32, 13, 9, 10, 2, 6, 2, 16, 27, -11, 8),
(374, 32, 16, 5, 10, 6, 3, 1, 27, 19, 8, 19),
(375, 32, 14, 7, 10, 4, 4, 2, 27, 29, -2, 14),
(376, 32, 17, 4, 9, 6, 2, 1, 22, 9, 13, 19),
(377, 32, 15, 11, 9, 1, 5, 3, 13, 21, -8, 6),
(378, 32, 1, 12, 9, 0, 9, 0, 9, 41, -32, 0),
(379, 32, 4, 1, 10, 8, 2, 0, 38, 10, 28, 24),
(380, 32, 19, 3, 9, 6, 1, 2, 17, 7, 10, 20),
(381, 32, 18, 10, 10, 2, 7, 1, 24, 47, -23, 7),
(382, 32, 20, 2, 10, 6, 2, 2, 29, 13, 16, 20),
(383, 32, 2, 8, 10, 3, 3, 4, 24, 22, 2, 13),
(384, 32, 11, 6, 10, 4, 4, 2, 21, 22, -1, 14),
(492, 41, 15, 11, 10, 1, 6, 3, 15, 25, -10, 6),
(491, 41, 17, 4, 10, 7, 2, 1, 26, 11, 15, 22),
(490, 41, 4, 1, 11, 9, 2, 0, 44, 11, 33, 27),
(489, 41, 1, 12, 10, 0, 10, 0, 10, 47, -37, 0),
(488, 41, 14, 7, 11, 4, 5, 2, 28, 39, -11, 14),
(487, 41, 16, 3, 11, 7, 3, 1, 37, 20, 17, 22),
(486, 41, 18, 9, 11, 3, 7, 1, 27, 47, -20, 10),
(485, 41, 19, 5, 10, 6, 2, 2, 17, 10, 7, 20),
(484, 41, 2, 8, 11, 3, 4, 4, 25, 29, -4, 13),
(483, 41, 20, 2, 11, 7, 2, 2, 36, 14, 22, 23),
(482, 41, 13, 10, 11, 2, 7, 2, 18, 30, -12, 8),
(481, 41, 11, 6, 11, 5, 4, 2, 24, 24, 0, 17),
(493, 42, 21, 11, 1, 0, 1, 0, 0, 4, -4, 0),
(494, 42, 22, 1, 1, 1, 0, 0, 4, 0, 4, 3),
(495, 42, 7, 7, 1, 0, 1, 0, 3, 4, -1, 0),
(496, 42, 23, 6, 1, 1, 0, 0, 4, 3, 1, 3),
(497, 42, 24, 3, 1, 1, 0, 0, 5, 2, 3, 3),
(498, 42, 25, 9, 1, 0, 1, 0, 2, 5, -3, 0),
(499, 42, 26, 2, 1, 1, 0, 0, 4, 0, 4, 3),
(500, 42, 5, 12, 1, 0, 1, 0, 0, 4, -4, 0),
(501, 42, 6, 10, 1, 0, 1, 0, 0, 3, -3, 0),
(502, 42, 27, 4, 1, 1, 0, 0, 3, 0, 3, 3),
(503, 42, 12, 5, 1, 1, 0, 0, 4, 2, 2, 3),
(504, 42, 28, 8, 1, 0, 1, 0, 2, 4, -2, 0),
(505, 43, 28, 9, 2, 0, 1, 1, 3, 5, -2, 1),
(506, 43, 21, 10, 2, 0, 1, 1, 1, 5, -4, 1),
(507, 43, 27, 3, 2, 2, 0, 0, 6, 0, 6, 6),
(508, 43, 12, 7, 2, 1, 1, 0, 4, 5, -1, 3),
(509, 43, 5, 12, 2, 0, 2, 0, 1, 7, -6, 0),
(510, 43, 6, 6, 2, 1, 1, 0, 3, 4, -1, 3),
(511, 43, 25, 11, 2, 0, 2, 0, 2, 7, -5, 0),
(512, 43, 26, 2, 2, 2, 0, 0, 6, 0, 6, 6),
(513, 43, 23, 1, 2, 2, 0, 0, 9, 3, 6, 6),
(514, 43, 24, 8, 2, 1, 1, 0, 5, 7, -2, 3),
(515, 43, 22, 4, 2, 1, 1, 0, 5, 2, 3, 3),
(516, 43, 7, 5, 2, 1, 1, 0, 5, 5, 0, 3),
(517, 44, 21, 6, 3, 1, 1, 1, 6, 8, -2, 4),
(518, 44, 7, 9, 3, 1, 2, 0, 8, 10, -2, 3),
(519, 44, 24, 5, 3, 2, 1, 0, 6, 7, -1, 6),
(520, 44, 22, 7, 3, 1, 2, 0, 5, 3, 2, 3),
(521, 44, 26, 1, 3, 3, 0, 0, 12, 1, 11, 9),
(522, 44, 23, 4, 3, 2, 1, 0, 10, 9, 1, 6),
(523, 44, 6, 3, 3, 2, 1, 0, 7, 6, 1, 6),
(524, 44, 25, 12, 3, 0, 3, 0, 4, 11, -7, 0),
(525, 44, 12, 8, 3, 1, 2, 0, 5, 7, -2, 3),
(526, 44, 5, 10, 3, 1, 2, 0, 3, 8, -5, 3),
(527, 44, 28, 11, 3, 0, 2, 1, 5, 9, -4, 1),
(528, 44, 27, 2, 3, 3, 0, 0, 10, 2, 8, 9),
(529, 45, 27, 2, 4, 4, 0, 0, 13, 4, 9, 12),
(530, 45, 21, 7, 4, 1, 2, 1, 8, 11, -3, 4),
(531, 45, 5, 11, 4, 1, 3, 0, 3, 10, -7, 3),
(532, 45, 28, 6, 4, 1, 2, 1, 7, 9, -2, 4),
(533, 45, 25, 9, 4, 1, 3, 0, 9, 11, -2, 3),
(534, 45, 12, 12, 4, 1, 3, 0, 5, 12, -7, 3),
(535, 45, 23, 3, 4, 3, 1, 0, 12, 10, 2, 9),
(536, 45, 6, 5, 4, 2, 2, 0, 8, 8, 0, 6),
(537, 45, 22, 8, 4, 1, 3, 0, 7, 8, -1, 3),
(538, 45, 26, 1, 4, 4, 0, 0, 17, 3, 14, 12),
(539, 45, 7, 10, 4, 1, 3, 0, 11, 14, -3, 3),
(540, 45, 24, 4, 4, 3, 1, 0, 10, 10, 0, 9),
(541, 46, 6, 4, 5, 3, 2, 0, 14, 10, 4, 9),
(542, 46, 22, 10, 5, 1, 4, 0, 9, 14, -5, 3),
(543, 46, 26, 1, 5, 5, 0, 0, 22, 5, 17, 15),
(544, 46, 7, 11, 5, 1, 4, 0, 13, 19, -6, 3),
(545, 46, 21, 6, 5, 2, 2, 1, 16, 14, 2, 7),
(546, 46, 24, 5, 5, 3, 2, 0, 13, 18, -5, 9),
(547, 46, 12, 9, 5, 1, 3, 1, 5, 12, -7, 4),
(548, 46, 23, 3, 5, 3, 1, 1, 12, 10, 2, 10),
(549, 46, 28, 8, 5, 1, 3, 1, 9, 12, -3, 4),
(550, 46, 25, 7, 5, 2, 3, 0, 12, 13, -1, 6),
(551, 46, 27, 2, 5, 5, 0, 0, 15, 5, 10, 15),
(552, 46, 5, 12, 5, 1, 4, 0, 4, 12, -8, 3),
(553, 47, 5, 10, 6, 1, 4, 1, 4, 12, -8, 4),
(554, 47, 21, 6, 6, 2, 2, 2, 16, 14, 2, 8),
(555, 47, 25, 7, 6, 2, 3, 1, 15, 16, -1, 7),
(556, 47, 27, 1, 6, 5, 0, 1, 18, 8, 10, 16),
(557, 47, 23, 3, 6, 4, 1, 1, 17, 12, 5, 13),
(558, 47, 28, 9, 6, 1, 4, 1, 11, 17, -6, 4),
(559, 47, 22, 11, 6, 1, 5, 0, 11, 17, -6, 3),
(560, 47, 12, 8, 6, 2, 3, 1, 8, 14, -6, 7),
(561, 47, 7, 12, 6, 1, 5, 0, 13, 27, -14, 3),
(562, 47, 6, 4, 6, 4, 2, 0, 22, 10, 12, 12),
(563, 47, 24, 5, 6, 4, 2, 0, 15, 19, -4, 12),
(564, 47, 26, 2, 6, 5, 1, 0, 23, 7, 16, 15),
(565, 48, 21, 7, 7, 2, 3, 2, 16, 17, -1, 8),
(566, 48, 26, 1, 7, 6, 1, 0, 26, 7, 19, 18),
(567, 48, 6, 4, 7, 5, 2, 0, 27, 10, 17, 15),
(568, 48, 24, 5, 7, 4, 3, 0, 15, 24, -9, 12),
(569, 48, 12, 6, 7, 3, 3, 1, 12, 14, -2, 10),
(570, 48, 7, 12, 7, 1, 6, 0, 13, 31, -18, 3),
(571, 48, 28, 8, 7, 2, 4, 1, 16, 18, -2, 7),
(572, 48, 22, 11, 7, 1, 6, 0, 12, 22, -10, 3),
(573, 48, 27, 2, 7, 5, 1, 1, 20, 11, 9, 16),
(574, 48, 23, 3, 7, 5, 1, 1, 20, 14, 6, 16),
(575, 48, 5, 10, 7, 2, 4, 1, 7, 13, -6, 7),
(576, 48, 25, 9, 7, 2, 4, 1, 16, 19, -3, 7),
(577, 49, 25, 6, 8, 3, 4, 1, 18, 20, -2, 10),
(578, 49, 21, 8, 8, 2, 4, 2, 17, 19, -2, 8),
(579, 49, 23, 4, 8, 5, 1, 2, 23, 17, 6, 17),
(580, 49, 5, 9, 8, 2, 4, 2, 10, 16, -6, 8),
(581, 49, 22, 12, 8, 1, 6, 1, 13, 23, -10, 4),
(582, 49, 27, 3, 8, 5, 1, 2, 21, 12, 9, 17),
(583, 49, 7, 11, 8, 2, 6, 0, 16, 33, -17, 6),
(584, 49, 28, 10, 8, 2, 5, 1, 18, 21, -3, 7),
(585, 49, 24, 5, 8, 5, 3, 0, 22, 27, -5, 15),
(586, 49, 12, 7, 8, 3, 4, 1, 15, 21, -6, 10),
(587, 49, 26, 2, 8, 6, 2, 0, 26, 8, 18, 18),
(588, 49, 6, 1, 8, 6, 2, 0, 28, 10, 18, 18),
(589, 50, 21, 10, 9, 2, 5, 2, 19, 23, -4, 8),
(590, 50, 6, 2, 9, 7, 2, 0, 32, 12, 20, 21),
(591, 50, 12, 8, 9, 3, 5, 1, 16, 25, -9, 10),
(592, 50, 26, 1, 9, 7, 2, 0, 30, 9, 21, 21),
(593, 50, 28, 7, 9, 3, 5, 1, 20, 22, -2, 10),
(594, 50, 24, 5, 9, 5, 4, 0, 23, 29, -6, 15),
(595, 50, 27, 3, 9, 5, 1, 3, 22, 13, 9, 18),
(596, 50, 7, 11, 9, 2, 6, 1, 17, 34, -17, 7),
(597, 50, 5, 9, 9, 2, 4, 3, 11, 17, -6, 9),
(598, 50, 22, 12, 9, 1, 6, 2, 14, 24, -10, 5),
(599, 50, 25, 6, 9, 3, 4, 2, 22, 24, -2, 11),
(600, 50, 23, 4, 9, 5, 1, 3, 27, 21, 6, 18),
(601, 51, 21, 11, 10, 2, 6, 2, 21, 26, -5, 8),
(602, 51, 23, 3, 10, 6, 1, 3, 30, 23, 7, 21),
(603, 51, 22, 12, 10, 2, 6, 2, 17, 26, -9, 8),
(604, 51, 25, 6, 10, 3, 5, 2, 24, 27, -3, 11),
(605, 51, 7, 9, 10, 3, 6, 1, 21, 36, -15, 10),
(606, 51, 5, 10, 10, 2, 5, 3, 13, 21, -8, 9),
(607, 51, 24, 5, 9, 5, 4, 0, 23, 29, -6, 15),
(608, 51, 27, 4, 9, 5, 1, 3, 22, 13, 9, 18),
(609, 51, 26, 2, 10, 8, 2, 0, 32, 10, 22, 24),
(610, 51, 28, 7, 10, 3, 6, 1, 21, 24, -3, 10),
(611, 51, 6, 1, 10, 8, 2, 0, 37, 14, 23, 24),
(612, 51, 12, 8, 10, 3, 6, 1, 18, 30, -12, 10),
(636, 53, 22, 9, 11, 3, 6, 2, 20, 28, -8, 11),
(635, 53, 23, 3, 11, 6, 2, 3, 32, 26, 6, 21),
(634, 53, 7, 6, 11, 4, 6, 1, 23, 37, -14, 13),
(633, 53, 25, 7, 11, 3, 6, 2, 25, 29, -4, 11),
(632, 53, 24, 5, 10, 5, 4, 1, 25, 31, -6, 16),
(631, 53, 5, 11, 11, 2, 5, 4, 15, 23, -8, 10),
(630, 53, 26, 2, 11, 9, 2, 0, 35, 12, 23, 27),
(629, 53, 27, 4, 10, 5, 2, 3, 24, 16, 8, 18),
(628, 53, 6, 1, 11, 9, 2, 0, 40, 14, 26, 27),
(627, 53, 28, 10, 11, 3, 7, 1, 21, 27, -6, 10),
(626, 53, 21, 8, 11, 3, 6, 2, 23, 27, -4, 11),
(625, 53, 12, 12, 11, 3, 7, 1, 19, 32, -13, 10),
(637, 54, 29, 2, 1, 1, 0, 0, 6, 0, 6, 3),
(638, 54, 30, 11, 1, 0, 1, 0, 0, 6, -6, 0),
(639, 54, 10, 9, 1, 0, 1, 0, 0, 3, -3, 0),
(640, 54, 31, 4, 1, 1, 0, 0, 3, 0, 3, 3),
(641, 54, 32, 8, 1, 0, 1, 0, 1, 2, -1, 0),
(642, 54, 33, 5, 1, 1, 0, 0, 2, 1, 1, 3),
(643, 54, 34, 1, 1, 1, 0, 0, 8, 1, 7, 3),
(644, 54, 9, 12, 1, 0, 1, 0, 1, 8, -7, 0),
(645, 54, 8, 6, 1, 1, 0, 0, 2, 1, 1, 3),
(646, 54, 35, 7, 1, 0, 1, 0, 1, 2, -1, 0),
(647, 54, 36, 3, 1, 1, 0, 0, 5, 0, 5, 3),
(648, 54, 3, 10, 1, 0, 1, 0, 0, 5, -5, 0),
(649, 55, 3, 10, 2, 0, 2, 0, 0, 8, -8, 0),
(650, 55, 29, 2, 2, 2, 0, 0, 9, 0, 9, 6),
(651, 55, 35, 6, 2, 1, 1, 0, 3, 3, 0, 3),
(652, 55, 36, 5, 2, 1, 1, 0, 6, 2, 4, 3),
(653, 55, 9, 12, 2, 0, 2, 0, 2, 12, -10, 0),
(654, 55, 8, 4, 2, 2, 0, 0, 6, 2, 4, 6),
(655, 55, 33, 8, 2, 1, 1, 0, 3, 5, -2, 3),
(656, 55, 34, 1, 2, 2, 0, 0, 12, 2, 10, 6),
(657, 55, 31, 3, 2, 2, 0, 0, 6, 2, 4, 6),
(658, 55, 32, 9, 2, 0, 2, 0, 3, 5, -2, 0),
(659, 55, 30, 11, 2, 0, 2, 0, 1, 9, -8, 0),
(660, 55, 10, 7, 2, 1, 1, 0, 3, 4, -1, 3),
(661, 56, 29, 1, 3, 3, 0, 0, 13, 1, 12, 9),
(662, 56, 10, 8, 3, 1, 2, 0, 4, 8, -4, 3),
(663, 56, 32, 10, 3, 0, 3, 0, 4, 7, -3, 0),
(664, 56, 30, 9, 3, 1, 2, 0, 3, 10, -7, 3),
(665, 56, 34, 2, 3, 3, 0, 0, 15, 4, 11, 9),
(666, 56, 31, 5, 3, 2, 1, 0, 8, 5, 3, 6),
(667, 56, 8, 3, 3, 3, 0, 0, 8, 3, 5, 9),
(668, 56, 33, 7, 3, 1, 2, 0, 4, 7, -3, 3),
(669, 56, 36, 4, 3, 2, 1, 0, 8, 2, 6, 6),
(670, 56, 9, 12, 3, 0, 3, 0, 2, 14, -12, 0),
(671, 56, 3, 11, 3, 0, 3, 0, 0, 9, -9, 0),
(672, 56, 35, 6, 3, 2, 1, 0, 4, 3, 1, 6),
(673, 57, 35, 4, 4, 3, 1, 0, 9, 5, 4, 9),
(674, 57, 29, 3, 4, 3, 1, 0, 15, 6, 9, 9),
(675, 57, 9, 10, 4, 1, 3, 0, 5, 16, -11, 3),
(676, 57, 3, 12, 4, 0, 4, 0, 2, 12, -10, 0),
(677, 57, 33, 8, 4, 1, 2, 1, 5, 8, -3, 4),
(678, 57, 36, 5, 4, 2, 1, 1, 9, 3, 6, 7),
(679, 57, 31, 6, 4, 2, 2, 0, 9, 7, 2, 6),
(680, 57, 8, 2, 4, 4, 0, 0, 10, 4, 6, 12),
(681, 57, 30, 9, 4, 1, 3, 0, 4, 14, -10, 3),
(682, 57, 34, 1, 4, 4, 0, 0, 19, 5, 14, 12),
(683, 57, 10, 7, 4, 2, 2, 0, 7, 9, -2, 6),
(684, 57, 32, 11, 4, 0, 4, 0, 5, 10, -5, 0),
(685, 58, 29, 3, 5, 4, 1, 0, 23, 8, 15, 12),
(686, 58, 32, 11, 5, 0, 5, 0, 7, 18, -11, 0),
(687, 58, 34, 1, 5, 5, 0, 0, 23, 5, 18, 15),
(688, 58, 10, 8, 5, 2, 3, 0, 7, 13, -6, 6),
(689, 58, 8, 2, 5, 5, 0, 0, 15, 5, 10, 15),
(690, 58, 30, 10, 5, 1, 4, 0, 5, 19, -14, 3),
(691, 58, 36, 6, 5, 2, 2, 1, 9, 6, 3, 7),
(692, 58, 31, 5, 5, 3, 2, 0, 12, 7, 5, 9),
(693, 58, 3, 12, 5, 0, 5, 0, 2, 14, -12, 0),
(694, 58, 33, 7, 5, 2, 2, 1, 7, 8, -1, 7),
(695, 58, 35, 4, 5, 4, 1, 0, 12, 6, 6, 12),
(696, 58, 9, 9, 5, 1, 4, 0, 6, 19, -13, 3),
(697, 59, 9, 10, 6, 1, 5, 0, 8, 26, -18, 3),
(698, 59, 29, 3, 6, 5, 1, 0, 30, 10, 20, 15),
(699, 59, 33, 7, 6, 2, 3, 1, 8, 13, -5, 7),
(700, 59, 35, 4, 6, 5, 1, 0, 17, 7, 10, 15),
(701, 59, 31, 5, 6, 4, 2, 0, 16, 7, 9, 12),
(702, 59, 3, 11, 6, 0, 6, 0, 2, 18, -16, 0),
(703, 59, 30, 9, 6, 1, 5, 0, 6, 21, -15, 3),
(704, 59, 36, 6, 6, 3, 2, 1, 11, 7, 4, 10),
(705, 59, 10, 8, 6, 2, 4, 0, 7, 14, -7, 6),
(706, 59, 8, 2, 6, 6, 0, 0, 16, 5, 11, 18),
(707, 59, 32, 12, 6, 0, 6, 0, 7, 24, -17, 0),
(708, 59, 34, 1, 6, 6, 0, 0, 29, 5, 24, 18),
(709, 60, 29, 2, 7, 6, 1, 0, 33, 10, 23, 18),
(710, 60, 34, 3, 7, 6, 1, 0, 29, 8, 21, 18),
(711, 60, 8, 1, 7, 7, 0, 0, 21, 6, 15, 21),
(712, 60, 32, 12, 7, 0, 7, 0, 8, 29, -21, 0),
(713, 60, 36, 5, 7, 4, 2, 1, 15, 9, 6, 13),
(714, 60, 10, 8, 7, 2, 5, 0, 9, 18, -9, 6),
(715, 60, 3, 9, 7, 1, 6, 0, 7, 20, -13, 3),
(716, 60, 30, 10, 7, 1, 6, 0, 8, 26, -18, 3),
(717, 60, 35, 4, 7, 6, 1, 0, 18, 7, 11, 18),
(718, 60, 31, 6, 7, 4, 3, 0, 16, 8, 8, 12),
(719, 60, 9, 11, 7, 1, 6, 0, 9, 29, -20, 3),
(720, 60, 33, 7, 7, 3, 3, 1, 11, 14, -3, 10),
(721, 61, 33, 7, 8, 3, 4, 1, 14, 20, -6, 10),
(722, 61, 29, 2, 8, 7, 1, 0, 39, 13, 26, 21),
(723, 61, 31, 5, 8, 5, 3, 0, 23, 8, 15, 15),
(724, 61, 9, 12, 8, 1, 7, 0, 9, 36, -27, 3),
(725, 61, 30, 11, 8, 1, 7, 0, 9, 30, -21, 3),
(726, 61, 35, 3, 8, 7, 1, 0, 22, 8, 14, 21),
(727, 61, 10, 8, 8, 2, 5, 1, 10, 19, -9, 7),
(728, 61, 3, 9, 8, 1, 6, 1, 8, 21, -13, 4),
(729, 61, 32, 10, 8, 1, 7, 0, 10, 30, -20, 3),
(730, 61, 36, 6, 8, 4, 3, 1, 16, 11, 5, 13),
(731, 61, 34, 4, 8, 6, 2, 0, 30, 11, 19, 18),
(732, 61, 8, 1, 8, 8, 0, 0, 24, 7, 17, 24),
(733, 62, 29, 3, 9, 7, 2, 0, 39, 15, 24, 21),
(734, 62, 8, 1, 9, 9, 0, 0, 26, 7, 19, 27),
(735, 62, 36, 6, 9, 5, 3, 1, 17, 11, 6, 16),
(736, 62, 34, 4, 9, 6, 3, 0, 30, 12, 18, 18),
(737, 62, 3, 8, 9, 2, 6, 1, 12, 23, -11, 7),
(738, 62, 32, 11, 9, 1, 8, 0, 12, 34, -22, 3),
(739, 62, 35, 2, 9, 8, 1, 0, 29, 9, 20, 24),
(740, 62, 10, 9, 9, 2, 6, 1, 11, 26, -15, 7),
(741, 62, 9, 10, 9, 2, 7, 0, 14, 39, -25, 6),
(742, 62, 30, 12, 9, 1, 8, 0, 12, 35, -23, 3),
(743, 62, 33, 7, 9, 3, 5, 1, 16, 23, -7, 10),
(744, 62, 31, 5, 9, 6, 3, 0, 26, 10, 16, 18),
(745, 63, 29, 2, 10, 8, 2, 0, 41, 16, 25, 24),
(746, 63, 31, 6, 10, 6, 4, 0, 27, 12, 15, 18),
(747, 63, 30, 12, 10, 1, 9, 0, 12, 36, -24, 3),
(748, 63, 33, 7, 10, 4, 5, 1, 17, 23, -6, 13),
(749, 63, 10, 9, 10, 3, 6, 1, 15, 26, -11, 10),
(750, 63, 9, 10, 10, 2, 8, 0, 14, 43, -29, 6),
(751, 63, 32, 11, 9, 1, 8, 0, 12, 34, -22, 3),
(752, 63, 35, 3, 9, 8, 1, 0, 29, 9, 20, 24),
(753, 63, 34, 5, 10, 6, 4, 0, 30, 14, 16, 18),
(754, 63, 3, 8, 10, 3, 6, 1, 14, 23, -9, 10),
(755, 63, 8, 1, 10, 9, 1, 0, 28, 10, 18, 27),
(756, 63, 36, 4, 10, 6, 3, 1, 20, 13, 7, 19),
(876, 73, 36, 6, 11, 6, 4, 1, 20, 14, 6, 19),
(875, 73, 3, 8, 11, 3, 7, 1, 15, 27, -12, 10),
(874, 73, 8, 1, 12, 10, 1, 1, 32, 11, 21, 31),
(873, 73, 35, 3, 11, 9, 1, 1, 32, 10, 22, 28),
(872, 73, 34, 5, 12, 7, 5, 0, 33, 18, 15, 21),
(871, 73, 9, 10, 12, 3, 9, 0, 20, 46, -26, 9),
(870, 73, 32, 12, 11, 1, 10, 0, 13, 43, -30, 3),
(869, 73, 33, 7, 12, 6, 5, 1, 23, 23, 0, 19),
(868, 73, 10, 9, 12, 3, 8, 1, 16, 33, -17, 10),
(867, 73, 31, 4, 12, 7, 5, 0, 32, 16, 16, 21),
(866, 73, 29, 2, 12, 10, 2, 0, 45, 16, 29, 30),
(865, 73, 30, 11, 12, 2, 10, 0, 15, 39, -24, 6),
(804, 67, 12, 12, 12, 3, 8, 1, 20, 34, -14, 10),
(803, 67, 28, 8, 12, 4, 7, 1, 23, 28, -5, 13),
(802, 67, 6, 1, 12, 10, 2, 0, 45, 16, 29, 30),
(801, 67, 27, 5, 11, 5, 3, 3, 26, 21, 5, 18),
(800, 67, 26, 2, 12, 9, 3, 0, 35, 13, 22, 27),
(799, 67, 5, 9, 12, 3, 5, 4, 16, 23, -7, 13),
(798, 67, 24, 4, 11, 6, 4, 1, 29, 34, -5, 19),
(797, 67, 25, 10, 12, 3, 7, 2, 28, 33, -5, 11),
(796, 67, 7, 6, 12, 5, 6, 1, 26, 37, -11, 16),
(795, 67, 23, 3, 12, 6, 3, 3, 32, 29, 3, 21),
(794, 67, 21, 11, 12, 3, 7, 2, 26, 32, -6, 11),
(793, 67, 22, 7, 12, 4, 6, 2, 25, 31, -6, 14),
(828, 69, 11, 6, 12, 6, 4, 2, 28, 25, 3, 20),
(827, 69, 20, 4, 12, 7, 3, 2, 37, 18, 19, 23),
(826, 69, 2, 8, 12, 3, 5, 4, 25, 30, -5, 13),
(825, 69, 19, 5, 11, 7, 2, 2, 18, 10, 8, 23),
(824, 69, 18, 9, 12, 3, 8, 1, 28, 49, -21, 10),
(823, 69, 1, 12, 11, 1, 10, 0, 12, 48, -36, 3),
(822, 69, 4, 1, 12, 9, 3, 0, 45, 13, 32, 27),
(821, 69, 17, 3, 11, 8, 2, 1, 28, 12, 16, 25),
(820, 69, 15, 11, 11, 1, 7, 3, 17, 29, -12, 6),
(819, 69, 16, 2, 12, 8, 3, 1, 41, 22, 19, 25),
(818, 69, 13, 10, 12, 2, 8, 2, 19, 32, -13, 8),
(817, 69, 14, 7, 12, 5, 5, 2, 30, 40, -10, 17),
(864, 72, 30, 11, 11, 2, 9, 0, 15, 36, -21, 6),
(863, 72, 31, 6, 11, 6, 5, 0, 27, 15, 12, 18),
(862, 72, 10, 9, 11, 3, 7, 1, 15, 28, -13, 10),
(861, 72, 33, 7, 11, 5, 5, 1, 19, 23, -4, 16),
(860, 72, 32, 12, 10, 1, 9, 0, 13, 39, -26, 3),
(859, 72, 9, 10, 11, 3, 8, 0, 19, 44, -25, 9),
(858, 72, 34, 5, 11, 6, 5, 0, 31, 17, 14, 18),
(857, 72, 35, 3, 10, 9, 1, 0, 32, 10, 22, 27),
(856, 72, 8, 1, 11, 10, 1, 0, 32, 11, 21, 30),
(855, 72, 3, 8, 11, 3, 7, 1, 15, 27, -12, 10),
(854, 72, 29, 2, 11, 9, 2, 0, 42, 16, 26, 27),
(853, 72, 36, 4, 11, 6, 4, 1, 20, 14, 6, 19),
(888, 74, 14, 7, 12, 5, 5, 2, 30, 40, -10, 17),
(887, 74, 15, 11, 11, 1, 7, 3, 17, 29, -12, 6),
(886, 74, 16, 2, 12, 8, 3, 1, 41, 22, 19, 25),
(885, 74, 4, 1, 12, 9, 3, 0, 45, 13, 32, 27),
(884, 74, 17, 3, 11, 8, 2, 1, 28, 12, 16, 25),
(883, 74, 18, 9, 12, 3, 8, 1, 28, 49, -21, 10),
(882, 74, 20, 4, 12, 7, 3, 2, 37, 18, 19, 23),
(881, 74, 13, 10, 12, 2, 8, 2, 19, 32, -13, 8),
(880, 74, 19, 5, 11, 7, 2, 2, 18, 10, 8, 23),
(879, 74, 11, 6, 12, 6, 4, 2, 28, 25, 3, 20),
(878, 74, 1, 12, 12, 1, 11, 0, 12, 50, -38, 3),
(877, 74, 2, 8, 13, 4, 5, 4, 27, 30, -3, 16);

/*!40101 SET CHARACTER_SET_CLIENT=@OLD_CHARACTER_SET_CLIENT */;
/*!40101 SET CHARACTER_SET_RESULTS=@OLD_CHARACTER_SET_RESULTS */;
/*!40101 SET COLLATION_CONNECTION=@OLD_COLLATION_CONNECTION */;
